ciod: failed to read message prefix on control stream (CioStream socket to 172.16.96.116:33569,ciod: failed to read message prefix on control stream (CioStream socket to <*>:47106),ciod: failed to read message prefix on control stream (CioStream socket to <*>
ciod: failed to read message prefix on control stream (CioStream socket to 172.16.96.116:33370,ciod: failed to read message prefix on control stream (CioStream socket to <*>:36866),ciod: failed to read message prefix on control stream (CioStream socket to <*>
"problem state (0=sup,1=usr).......0","problem state (0=sup,1=usr).......<*>","problem state (<*>=sup,<*>=usr).......<*>"
"problem state (0=sup,1=usr).......0","problem state (0=sup,1=usr).......<*>","problem state (<*>=sup,<*>=usr).......<*>"
"problem state (0=sup,1=usr).......0","problem state (0=sup,1=usr).......<*>","problem state (<*>=sup,<*>=usr).......<*>"
ciod: failed to read message prefix on control stream (CioStream socket to 172.16.96.116:51706,ciod: failed to read message prefix on control stream (CioStream socket to <*>:53387),ciod: failed to read message prefix on control stream (CioStream socket to <*>
ciod: Z coordinate 32 exceeds physical dimension 32 at line 33 of node map file /p/gb2/pakin1/contention-32768cpes-torus/xyzt-1x1x32768x1.map,ciod: Z coordinate <*> exceeds physical dimension <*> at line <*> of node map file <*>.,ciod: Z coordinate <*> exceeds physical dimension <*> at line <*> of node map file <*>
"rts: kernel terminated for reason 1001rts: bad message header: invalid cpu, type=42315, cpu=105, index=1207960804, total=2691015","rts: kernel terminated for reason <*>rts: bad message header: invalid cpu, type=<*>, cpu=<*>, index=<*>, total=<*>","rts: kernel terminated for reason <*>: bad message header: invalid cpu, type=<*>, cpu=<*>, index=<*>, total=<*>"
"PrepareForService shutting down NodeCard(mLctn(R25-M1-N2), mCardSernum(203231503833343000000000594c31304b34333431303158), mLp(FF:F2:9F:16:CF:0F:00:0D:60:E9:30:F0), mIp(10.2.2.80), mType(4)) as part of Service Action 310","PrepareForService shutting down NodeCard(<*>, <*>, <*>, <*>) as part of Service Action <*>","PrepareForService shutting down NodeCard(mLctn(<*>), mCardSernum(<*>), mLp(<*>), mIp(<*>), mType(<*>)) as part of Service Action <*>"
rts tree/torus link training failed: wanted: B C X+ X- Y+ Y- Z+ Z- got: B C X- Y- Z+ Z-,rts tree/torus link training failed: wanted: B C X+ X- Y+ Y- Z+ Z- got: B C X+ X- Y- Z+ Z-,rts tree/torus link training failed: wanted: <*> got: <*>
ciod: LOGIN chdir(pwd) failed: No such file or directory,ciod: LOGIN chdir(pwd) failed: No such file or directory,ciod: LOGIN chdir(<*>) failed: No such file or directory
ciod: LOGIN chdir(pwd) failed: No such file or directory,ciod: LOGIN chdir(pwd) failed: No such file or directory,ciod: LOGIN chdir(<*>) failed: No such file or directory
"NFS Mount failed on bglio716, slept 15 seconds, retrying (1)","NFS Mount failed on bglio<*>, slept <*> seconds, retrying (<*>)","NFS Mount failed on <*>, slept <*> seconds, retrying (<*>)"
"NFS Mount failed on bglio91, slept 15 seconds, retrying (1)","NFS Mount failed on bglio91, slept <*>, retrying (<*>)","NFS Mount failed on <*>, slept <*> seconds, retrying (<*>)"
ciod: generated 64 core files for program IMB-MPI1.2MB_perf,ciod: generated <*> core files for program <*>MB_perf,ciod: generated <*> core files for program <*>
"ciod: In packet from node 91.0 (R62-M1-Nf-C:J03-U11), message code 2 is not 3 or 4294967295 (softheader=003b005b 00030000 00000001 00000000)","ciod: In packet from node <*>, message code <*> is not <*> (softheader=<*> <*> <*> <*>)","ciod: In packet from node <*> (<*>), message code <*> is not <*> or <*> (softheader=<*> <*> <*> <*>)"
Ido chip status changed: FF:F2:9F:15:7B:E0:00:0D:60:EA:84:1F ip=10.7.0.130 v=13 t=1 status=M Sat Sep 17 07:49:04 PDT 2005,Ido chip status changed: <*> ip=<*> v=<*> t=<*> status=M,Ido chip status changed: <*> ip=<*> v=<*> t=<*> status=M <*>
ciod: generated 64 core files for program /home/spelce1/HPCC_IBM/Urgent/COP/64K/opt_co_dc.rts,ciod: generated <*> core files for program <*>.rts,ciod: generated <*> core files for program <*>
ciod: generated 58 core files for program /home/spelce1/HPCC_IBM/Urgent/COP/64K/opt_co_dc.rts,ciod: generated <*> core files for program <*>.rts,ciod: generated <*> core files for program <*>
"ciod: Error loading allreduce_int_V1R1.rts: invalid or missing program image, No such file or directory","ciod: Error loading allreduce_int_<*>.rts: invalid or missing program image, No such file or directory","ciod: Error loading <*>: invalid or missing program image, No such file or directory"
"2 ddr errors(s) detected and corrected on rank 0, symbol 4, bit 4","2 ddr errors(s) detected and corrected on rank <*>, symbol <*>, bit <*>","<*> ddr errors(s) detected and corrected on rank <*>, symbol <*>, bit <*>"
"critical input interrupt (unit=0x0b bit=0x0a): warning for torus z+ wire, suppressing further interrupts of same type","critical input interrupt (unit=<*> bit=<*>): warning for torus <*> wire, suppressing further interrupts of same type","critical input interrupt (unit=<*> bit=<*>): warning for torus z+ wire, suppressing further interrupts of same type"
18507114 torus sender z- retransmission error(s) (dcr 0x02f9) detected and corrected over 198 seconds,<<<,<*> torus sender z- retransmission error(s) (dcr <*>) detected and corrected over <*> seconds
dbcr0=0x00000000 dbsr=0x00000000 ccr0=0x40002000,dbcr=<*> dbsr=<*> ccr=<*>,dbcr0=<*> dbsr=<*> ccr0=<*>
r24=0x0ffea4c8 r25=0x00000003 r26=0x0000000f r27=0xffffd000,r<*>=<*> r<*>=<*> r<*>=<*> r<*>=<*>,r24=<*> r25=<*> r26=<*> r27=<*>
13 tree receiver 1 in re-synch state event(s) (dcr 0x0185) detected over 4562 seconds,13 tree receiver <*> in re-synch state event(s) (dcr <*>) detected over <*> seconds,<*> tree receiver <*> in re-synch state event(s) (dcr <*>) detected over <*> seconds
"PrepareForService shutting down Node card(mLctn(R10-M1-N2), mCardSernum(203231503833343000000000594c31304b34323934303257), mLp(FF:F2:9F:16:E0:DA:00:0D:60:E9:1F:25), mIp(10.1.1.164), mType(4)) as part of Service Action 648","PrepareForService shutting down Node card(<*>, <*>, <*>, <*>) as part of Service Action <*>","PrepareForService shutting down Node card(mLctn(<*>), mCardSernum(<*>), mLp(<*>), mIp(<*>), mType(<*>)) as part of Service Action <*>"
"Kernel detected 35591540 integer alignment exceptions (35591533) iar 0x0023f108, dear 0x1feaa260 (35591534) iar 0x00265564, dear 0x1feaa1c0 (35591535) iar 0x00265574, dear 0x1feaa1e0 (35591536) iar 0x00265578, dear 0x1feaa200 (35591537) iar 0x00265588, dear 0x1feaa220 (35591538) iar 0x0026558c, dear 0x1feaa240 (35591539) iar 0x00265594, dear 0x1feaa260 (35591540) iar 0x00265598, dear 0x1feaa280","Kernel detected <*> integer alignment exceptions (<*>) iar <*>, dear <*> (<*>) iar <*>, dear <*> (<*>) iar <*>, dear <*> (<*>) iar <*>, dear <*> (<*>) iar <*>, dear <*> (<*>) iar <*>, dear <*> (<*>) iar <*>, dear <*>","Kernel detected <*> integer alignment exceptions (<*>) iar <*>, dear <*> (<*>) iar <*>, dear <*> (<*>) iar <*>, dear <*> (<*>) iar <*>, dear <*> (<*>) iar <*>, dear <*> (<*>) iar <*>, dear <*> (<*>) iar <*>, dear <*> (<*>) iar <*>, dear <*>"
"critical input interrupt (unit=0x0b bit=0x17): warning for tree C1 wire, suppressing further interrupts of same type","critical input interrupt (unit=<*> bit=<*>): warning for tree C<*> wire, suppressing further interrupts of same type","critical input interrupt (unit=<*> bit=<*>): warning for tree C1 wire, suppressing further interrupts of same type"
size of scratchpad portion of L3.........0 (0M),size of scratchpad portion of L3.........<*> (<*>M),size of scratchpad portion of L3.........<*> (<*>)
"Kernel detected 3830884 integer alignment exceptions (3830877) iar 0x00544ea8, dear 0x01fc1ba0 (3830878) iar 0x00544eb8, dear 0x01fc1bc0 (3830879) iar 0x00544ea8, dear 0x01fc1be0 (3830880) iar 0x00544eb8, dear 0x01fc1c00 (3830881) iar 0x00544ee0, dear 0x01fc1c20 (3830882) iar 0x00544ef0, dear 0x01fc1c40 (3830883) iar 0x00544ee0, dear 0x01fc1c60 (3830884) iar 0x00544ef0, dear 0x01fc1c80","Kernel detected <*> integer alignment exceptions (<*>) iar <*>, dear <*> (<*>) iar <*>, dear <*> (<*>) iar <*>, dear <*> (<*>) iar <*>, dear <*> (<*>) iar <*>, dear <*> (<*>) iar <*>, dear <*> (<*>) iar <*>, dear <*>","Kernel detected <*> integer alignment exceptions (<*>) iar <*>, dear <*> (<*>) iar <*>, dear <*> (<*>) iar <*>, dear <*> (<*>) iar <*>, dear <*> (<*>) iar <*>, dear <*> (<*>) iar <*>, dear <*> (<*>) iar <*>, dear <*> (<*>) iar <*>, dear <*>"
"Kernel detected 3747792 integer alignment exceptions (3747785) iar 0x00544ea8, dear 0x01fc9220 (3747786) iar 0x00544eb8, dear 0x01fc9240 (3747787) iar 0x00544ea8, dear 0x01fc9260 (3747788) iar 0x00544eb8, dear 0x01fc9280 (3747789) iar 0x00544ee0, dear 0x01fc92a0 (3747790) iar 0x00544ef0, dear 0x01fc92c0 (3747791) iar 0x00544ee0, dear 0x01fc92e0 (3747792) iar 0x00544ef0, dear 0x01fc9300","Kernel detected <*> integer alignment exceptions (<*>) iar <*>, dear <*> (<*>) iar <*>, dear <*> (<*>) iar <*>, dear <*> (<*>) iar <*>, dear <*> (<*>) iar <*>, dear <*> (<*>) iar <*>, dear <*> (<*>) iar <*>, dear <*>","Kernel detected <*> integer alignment exceptions (<*>) iar <*>, dear <*> (<*>) iar <*>, dear <*> (<*>) iar <*>, dear <*> (<*>) iar <*>, dear <*> (<*>) iar <*>, dear <*> (<*>) iar <*>, dear <*> (<*>) iar <*>, dear <*> (<*>) iar <*>, dear <*>"
"Kernel detected 3946290 integer alignment exceptions (3946283) iar 0x00544ea8, dear 0x01ef6080 (3946284) iar 0x00544eb8, dear 0x01ef60a0 (3946285) iar 0x00544ea8, dear 0x01ef60c0 (3946286) iar 0x00544eb8, dear 0x01ef60e0 (3946287) iar 0x00544ee0, dear 0x01ef6100 (3946288) iar 0x00544ef0, dear 0x01ef6120 (3946289) iar 0x00544ee0, dear 0x01ef6140 (3946290) iar 0x00544ef0, dear 0x01ef6160","Kernel detected <*> integer alignment exceptions (<*>) iar <*>, dear <*> (<*>) iar <*>, dear <*> (<*>) iar <*>, dear <*> (<*>) iar <*>, dear <*> (<*>) iar <*>, dear <*> (<*>) iar <*>, dear <*> (<*>) iar <*>, dear <*>","Kernel detected <*> integer alignment exceptions (<*>) iar <*>, dear <*> (<*>) iar <*>, dear <*> (<*>) iar <*>, dear <*> (<*>) iar <*>, dear <*> (<*>) iar <*>, dear <*> (<*>) iar <*>, dear <*> (<*>) iar <*>, dear <*> (<*>) iar <*>, dear <*>"
"Kernel detected 3486044 integer alignment exceptions (3486037) iar 0x00544ea8, dear 0x01ef7c60 (3486038) iar 0x00544eb8, dear 0x01ef7c80 (3486039) iar 0x00544ea8, dear 0x01ef7ca0 (3486040) iar 0x00544eb8, dear 0x01ef7cc0 (3486041) iar 0x00544ee0, dear 0x01ef7ce0 (3486042) iar 0x00544ef0, dear 0x01ef7d00 (3486043) iar 0x00544ee0, dear 0x01ef7d20 (3486044) iar 0x00544ef0, dear 0x01ef7d40","Kernel detected <*> integer alignment exceptions (<*>) iar <*>, dear <*> (<*>) iar <*>, dear <*> (<*>) iar <*>, dear <*> (<*>) iar <*>, dear <*> (<*>) iar <*>, dear <*> (<*>) iar <*>, dear <*> (<*>) iar <*>, dear <*>","Kernel detected <*> integer alignment exceptions (<*>) iar <*>, dear <*> (<*>) iar <*>, dear <*> (<*>) iar <*>, dear <*> (<*>) iar <*>, dear <*> (<*>) iar <*>, dear <*> (<*>) iar <*>, dear <*> (<*>) iar <*>, dear <*> (<*>) iar <*>, dear <*>"
"2 ddr error(s) detected and corrected on rank 0, symbol 28 over 3365 seconds","2 ddr error(s) detected and corrected on rank <*>, symbol <*> over <*> seconds","<*> ddr error(s) detected and corrected on rank <*>, symbol <*> over <*> seconds"
"critical input interrupt (unit=0x0b bit=0x0a): warning for torus z+ wire, suppressing further interrupts of same type","critical input interrupt (unit=<*> bit=<*>): warning for torus <*> wire, suppressing further interrupts of same type","critical input interrupt (unit=<*> bit=<*>): warning for torus z+ wire, suppressing further interrupts of same type"
"2 ddr error(s) detected and corrected on rank 0, symbol 34 over 2738 seconds","2 ddr error(s) detected and corrected on rank <*>, symbol <*> over <*> seconds","<*> ddr error(s) detected and corrected on rank <*>, symbol <*> over <*> seconds"
2 L3 EDRAM error(s) (dcr 0x0157) detected and corrected over 282 seconds,2 L3 EDRAM error(s) (dcr <*>) detected and corrected over <*> seconds,<*> L3 EDRAM error(s) (dcr <*>) detected and corrected over <*> seconds
fpr29=0xffffffff ffffffff ffffffff ffffffff,fpr29=<*> <*> <*> <*>,fpr29=<*>
