input_userauth_request: invalid user inspur [preauth],input_userauth_request: invalid user inspur [preauth],input_userauth_request: invalid user <*> [preauth]
Invalid user support from 195.154.37.122,Invalid user support from <*>,Invalid user <*> from <*>
input_userauth_request: invalid user support [preauth],input_userauth_request: invalid user support [preauth],input_userauth_request: invalid user <*> [preauth]
Invalid user support from 103.207.39.165,Invalid user support from <*>,Invalid user <*> from <*>
input_userauth_request: invalid user support [preauth],input_userauth_request: invalid user support [preauth],input_userauth_request: invalid user <*> [preauth]
Invalid user inspur from 175.102.13.6,Invalid user inspur from <*>,Invalid user <*> from <*>
input_userauth_request: invalid user inspur [preauth],input_userauth_request: invalid user inspur [preauth],input_userauth_request: invalid user <*> [preauth]
Invalid user default from 5.188.10.180,Invalid user default from <*>,Invalid user <*> from <*>
input_userauth_request: invalid user default [preauth],input_userauth_request: invalid user default [preauth],input_userauth_request: invalid user <*> [preauth]
Invalid user support from 103.207.39.212,Invalid user support from <*>,Invalid user <*> from <*>
input_userauth_request: invalid user support [preauth],input_userauth_request: invalid user support [preauth],input_userauth_request: invalid user <*> [preauth]
input_userauth_request: invalid user support [preauth],input_userauth_request: invalid user support [preauth],input_userauth_request: invalid user <*> [preauth]
Invalid user anonymous from 103.99.0.122,Invalid user anonymous from <*>,Invalid user <*> from <*>
input_userauth_request: invalid user anonymous [preauth],input_userauth_request: invalid user anonymous [preauth],input_userauth_request: invalid user <*> [preauth]
Invalid user postgres from 187.141.143.180,Invalid user postgres from <*>,Invalid user <*> from <*>
input_userauth_request: invalid user postgres [preauth],input_userauth_request: invalid user postgres [preauth],input_userauth_request: invalid user <*> [preauth]
Invalid user ghost from 187.141.143.180,Invalid user ghost from <*>,Invalid user <*> from <*>
input_userauth_request: invalid user ghost [preauth],input_userauth_request: invalid user ghost [preauth],input_userauth_request: invalid user <*> [preauth]
Invalid user support from 103.207.39.16,Invalid user support from <*>,Invalid user <*> from <*>
input_userauth_request: invalid user support [preauth],input_userauth_request: invalid user support [preauth],input_userauth_request: invalid user <*> [preauth]
input_userauth_request: invalid user deploy [preauth],input_userauth_request: invalid user deploy [preauth],input_userauth_request: invalid user <*> [preauth]
input_userauth_request: invalid user deploy [preauth],input_userauth_request: invalid user deploy [preauth],input_userauth_request: invalid user <*> [preauth]
input_userauth_request: invalid user oralce [preauth],input_userauth_request: invalid user oralce [preauth],input_userauth_request: invalid user <*> [preauth]
Invalid user postgres1 from 187.141.143.180,Invalid user postgres1 from <*>,Invalid user <*> from <*>
input_userauth_request: invalid user inspur [preauth],input_userauth_request: invalid user inspur [preauth],input_userauth_request: invalid user <*> [preauth]
input_userauth_request: invalid user support [preauth],input_userauth_request: invalid user support [preauth],input_userauth_request: invalid user <*> [preauth]
Invalid user anonymous from 103.99.0.122,Invalid user anonymous from <*>,Invalid user <*> from <*>
input_userauth_request: invalid user anonymous [preauth],input_userauth_request: invalid user anonymous [preauth],input_userauth_request: invalid user <*> [preauth]
