"printFreezingDisplayLogsopening app wtoken = AppWindowToken{ 9f4ef63 token=Token{ a64f992 ActivityRecord{ de9231d u0 com.tencent.qt.qtl/.activity.info.NewsDetailXmlActivity t761}}}, allDrawn= false, startingDisplayed = false, startingMoved = false, isRelaunching = false","printFreezingDisplayLogsopening app wtoken = AppWindowToken sterling <*> token=<*>, startingDisplayed =<*>, startingMoved =<*>, isRelaunching =<*>","printFreezingDisplayLogsopening app wtoken = AppWindowToken{<*> token=Token{<*> ActivityRecord{<*> u0 <*>/.<*> t761}}}, allDrawn= <*>, startingDisplayed = <*>, startingMoved = <*>, isRelaunching = <*>"
Skipping AppWindowToken{ df0798e token=Token{ 78af589 ActivityRecord{ 3b04890 u0 com.tencent.qt.qtl/com.tencent.video.player.activity.PlayerActivity t761}}} -- going to hide,"Skipping AppWindowToken <*> df0798e token=<*> ActivityRecord worthy <*> u0 <*>, -- going to hide",Skipping AppWindowToken{<*> token=Token{<*> ActivityRecord{<*> u0 <*>}}} -- going to hide
visible is system.time.showampm,visible is system.time.showampm,visible is <*>
visible is system.charge.show,visible is system.charge.show,visible is <*>
visible is system.call.count gt 0,visible is system.call.count gt <*>,visible is <*> gt <*>
visible is system.message.count gt 0,visible is system.message.count <*>,visible is <*> gt <*>
visible is system.ownerinfo.show,visible is system.ownerinfo.show,visible is <*>
Skipping AppWindowToken{ df0798e token=Token{ 78af589 ActivityRecord{ 3b04890 u0 com.tencent.qt.qtl/com.tencent.video.player.activity.PlayerActivity t761}}} -- going to hide,"Skipping AppWindowToken <*> df0798e token=<*> ActivityRecord worthy <*> u0 <*>, -- going to hide",Skipping AppWindowToken{<*> token=Token{<*> ActivityRecord{<*> u0 <*>}}} -- going to hide
"setSystemUiVisibility vis=40000500 mask=ffffffff oldVal=508 newVal=40000500 diff=40000008 fullscreenStackVis=0 dockedStackVis=0, fullscreenStackBounds=Rect(0, 0 - 720, 1280), dockedStackBounds=Rect(0, 0 - 0, 0)","setSystemUiVisibility vis=<*> mask=<*> ffffff oldVal=<*> newVal=<*> diff=<*> fullscreenStackVis=<*> dockedStackVis=<*>, fullscreenStackBounds=Rect(<*>, <*> - <*>, <*> ), dockedStackBounds=Rect(<*>, <*> - <*>, <*> )","setSystemUiVisibility vis=<*> mask=<*> oldVal=<*> newVal=<*> diff=<*> fullscreenStackVis=<*> dockedStackVis=<*>, fullscreenStackBounds=Rect(<*>, <*> - <*>, <*>), dockedStackBounds=Rect(<*>, <*> - <*>, <*>)"
Screen frozen for +1s0ms due to Window{ ca98d5 u0 com.tencent.qt.qtl/com.tencent.qt.qtl.activity.info.NewsDetailXmlActivity},Screen frozen for <*> due to Window rare ca98d5 u<*>,Screen frozen for <*> due to Window{<*> u0 <*>}
remove(PendingIntent{ 19abed0: PendingIntentRecord{ a485420 com.tencent.qt.qtl broadcastIntent}} ) changed bounds; rebatching,remove(PendingIntent { abed <*> ) PendingIntentRecord seit <*> ) changed bounds; rebatching,remove(PendingIntent{<*>: PendingIntentRecord{<*> <*> broadcastIntent}}) changed bounds; rebatching
"rotationForOrientationLw(orient=1, last=0); user=0 USER_ROTATION_LOCKED","rotationForOrientationLw(orient=<*>, last=<*>, user=<*> ) USER_ROTATION_LOCKED","rotationForOrientationLw(orient=<*>, last=<*>); user=<*> USER_ROTATION_LOCKED"
"Application requested orientation 1, got rotation 0 which has compatible metrics","Application requested orientation 1, got rotation <*> which has compatible metrics","Application requested orientation <*>, got rotation <*> which has compatible metrics"
Skipping AppWindowToken{ 9f4ef63 token=Token{ a64f992 ActivityRecord{ de9231d u0 com.tencent.qt.qtl/.activity.info.NewsDetailXmlActivity t761}}} -- going to hide,"Skipping AppWindowToken sterling <*> f4ef63 token=<*> activityRecord worthy de9231d u0 com.tencent.qt.qtl/.activity.info.NewsDetailXmlActivity <*>, -- going to hide",Skipping AppWindowToken{<*> token=Token{<*> ActivityRecord{<*> u0 <*>}}} -- going to hide
"setSystemUiVisibility vis=508 mask=ffffffff oldVal=40000500 newVal=508 diff=40000008 fullscreenStackVis=0 dockedStackVis=0, fullscreenStackBounds=Rect(0, 0 - 720, 1280), dockedStackBounds=Rect(0, 0 - 0, 0)","setSystemUiVisibility vis=<*> mask=<*> ffffff oldVal=<*> newVal=<*> diff=<*> fullscreenStackVis=<*> dockedStackVis=<*>, fullscreenStackBounds=Rect(<*>, <*> - <*>, <*> ), dockedStackBounds=Rect(<*>, <*> - <*>, <*> )","setSystemUiVisibility vis=<*> mask=<*> oldVal=<*> newVal=<*> diff=<*> fullscreenStackVis=<*> dockedStackVis=<*>, fullscreenStackBounds=Rect(<*>, <*> - <*>, <*>), dockedStackBounds=Rect(<*>, <*> - <*>, <*>)"
Bad activity token: android.os.BinderProxy@2bd79ce,Bad activity token: android.os.BinderProxy@<*>,Bad activity token: <*>@<*>
java.lang.ClassCastException: android.os.BinderProxy cannot be cast to com.android.server.am.ActivityRecord$Token,java.lang.ClassCastException: android.os.BinderProxy cannot be cast to <*>,<*>: <*> cannot be cast to <*>$Token
Skipping AppWindowToken{ 9f4ef63 token=Token{ a64f992 ActivityRecord{ de9231d u0 com.tencent.qt.qtl/.activity.info.NewsDetailXmlActivity t761}}} -- going to hide,"Skipping AppWindowToken sterling <*> f4ef63 token=<*> activityRecord worthy de9231d u0 com.tencent.qt.qtl/.activity.info.NewsDetailXmlActivity <*>, -- going to hide",Skipping AppWindowToken{<*> token=Token{<*> ActivityRecord{<*> u0 <*>}}} -- going to hide
"setSystemUiVisibility vis=40000500 mask=ffffffff oldVal=508 newVal=40000500 diff=40000008 fullscreenStackVis=0 dockedStackVis=0, fullscreenStackBounds=Rect(0, 0 - 720, 1280), dockedStackBounds=Rect(0, 0 - 0, 0)","setSystemUiVisibility vis=<*> mask=<*> ffffff oldVal=<*> newVal=<*> diff=<*> fullscreenStackVis=<*> dockedStackVis=<*>, fullscreenStackBounds=Rect(<*>, <*> - <*>, <*> ), dockedStackBounds=Rect(<*>, <*> - <*>, <*> )","setSystemUiVisibility vis=<*> mask=<*> oldVal=<*> newVal=<*> diff=<*> fullscreenStackVis=<*> dockedStackVis=<*>, fullscreenStackBounds=Rect(<*>, <*> - <*>, <*>), dockedStackBounds=Rect(<*>, <*> - <*>, <*>)"
"onTouchEvent::0, x=271.0, y=14.0","onTouchEvent:<*>, x=<*>, y=<*>","onTouchEvent::<*>, x=<*>, y=<*>"
disable: < expand ICONS* alerts SYSTEM_INFO* back home recent clock navigationbar search quick_settings >,disable: <*> expand ICONS* alerts SYSTEM_INFO* back home recent clock navigationbar search quick_settings >,disable: < expand ICONS* alerts SYSTEM_INFO* back home recent clock navigationbar search quick_settings >
"updateLightsLocked,mInCall =false,mScreenOn = true,ledNotification == null?true","updateLightsLocked,mInCall =<*>,mScreenOn =<*>,ledNotification ==<*>.0?<*>","updateLightsLocked,mInCall =<*>,mScreenOn = <*>,ledNotification == null?true"
"updateLightsLocked,mInCall =false,mScreenOn = true,ledNotification == null?true","updateLightsLocked,mInCall =<*>,mScreenOn =<*>,ledNotification ==<*>.0?<*>","updateLightsLocked,mInCall =<*>,mScreenOn = <*>,ledNotification == null?true"
"setSystemUiVisibility vis=40000600 mask=ffffffff oldVal=40000500 newVal=40000600 diff=300 fullscreenStackVis=0 dockedStackVis=0, fullscreenStackBounds=Rect(0, 0 - 720, 1280), dockedStackBounds=Rect(0, 0 - 0, 0)","setSystemUiVisibility vis=<*> mask=<*> ffffff oldVal=<*> newVal=<*> diff=<*> fullscreenStackVis=<*> dockedStackVis=<*>, fullscreenStackBounds=Rect(<*>, <*> - <*>, <*> ), dockedStackBounds=Rect(<*>, <*> - <*>, <*> )","setSystemUiVisibility vis=<*> mask=<*> oldVal=<*> newVal=<*> diff=<*> fullscreenStackVis=<*> dockedStackVis=<*>, fullscreenStackBounds=Rect(<*>, <*> - <*>, <*>), dockedStackBounds=Rect(<*>, <*> - <*>, <*>)"
Sending non-protected broadcast com.android.systemui.statusbar.visible.change from system 2227:com.android.systemui/u0a37 pkg com.android.systemui,Sending non-protected broadcast <*>,Sending non-protected broadcast <*> from system <*> pkg <*>
isSimPinSecure mSimDatas is null or empty,isSimPinSecure mSimDatas is null or empty,isSimPinSecure mSimDatas is <*> or empty
android.util.AndroidRuntimeException: Must execute in UI,android.util.AndroidRuntimeException: Must execute in UI,<*>: Must execute in UI
*** register callback for com.android.systemui.statusbar.policy.KeyguardMonitor@712d093,*** register callback for <*>,*** register callback for <*>@<*>
android.util.AndroidRuntimeException: Must execute in UI,android.util.AndroidRuntimeException: Must execute in UI,<*>: Must execute in UI
*** unregister callback for null,*** unregister callback for null,*** unregister callback for <*>
"onInterceptTouchEvent MotionEvent { action=ACTION_DOWN, actionButton=0, id[0]=0, x[0]=317.0, y[0]=419.0, toolType[0]=TOOL_TYPE_FINGER, buttonState=0, metaState=0, flags=0x0, edgeFlags=0x0, pointerCount=1, historySize=0, eventTime=261851646, downTime=261851646, deviceId=3, source=0x1002 }, mBlockTouches=false","onInterceptTouchEvent MotionEvent { action=<*>, actionButton=<*>, id[<*> ], x[<*> ], y[<*> ], toolType[<*> ], TOOL_TYPE_FINGER, buttonState=<*>, metaState=<*>, flags=<*>, edgeFlags=<*>, pointerCount=<*>, historySize=<*>, eventTime=<*>, downTime=<*>, deviceId=<*>, source=<*>,","onInterceptTouchEvent MotionEvent { action=ACTION_DOWN, actionButton=<*>, id[<*>]=<*>, x[<*>]=<*>, y[<*>]=<*>, toolType[<*>]=TOOL_TYPE_FINGER, buttonState=<*>, metaState=<*>, flags=<*>, edgeFlags=<*>, pointerCount=<*>, historySize=<*>, eventTime=<*>, downTime=<*>, deviceId=<*>, source=<*> }, mBlockTouches=<*>"
"onInterceptTouchEvent MotionEvent { action=ACTION_UP, actionButton=0, id[0]=0, x[0]=317.0, y[0]=419.0, toolType[0]=TOOL_TYPE_FINGER, buttonState=0, metaState=0, flags=0x0, edgeFlags=0x0, pointerCount=1, historySize=0, eventTime=261851713, downTime=261851646, deviceId=3, source=0x1002 }, mBlockTouches=false","onInterceptTouchEvent MotionEvent { action=<*>, actionButton=<*>, id[<*> ], x[<*> ], y[<*> ], toolType[<*> ], TOOL_TYPE_FINGER, buttonState=<*>, metaState=<*>, flags=<*>, edgeFlags=<*>, pointerCount=<*>, historySize=<*>, eventTime=<*>, downTime=<*>, deviceId=<*>, source=<*>,","onInterceptTouchEvent MotionEvent { action=ACTION_UP, actionButton=<*>, id[<*>]=<*>, x[<*>]=<*>, y[<*>]=<*>, toolType[<*>]=TOOL_TYPE_FINGER, buttonState=<*>, metaState=<*>, flags=<*>, edgeFlags=<*>, pointerCount=<*>, historySize=<*>, eventTime=<*>, downTime=<*>, deviceId=<*>, source=<*> }, mBlockTouches=<*>"
START u0 { act=com.tencent.mobileqq.action.MAINACTIVITY flg=0x14000000 cmp=com.tencent.mobileqq/.activity.SplashActivity (has extras)} from uid 10111 on display 0,START <*> act=<*> flg=<*> cmp=<*> (has extras) from <*> on display <*>,START u0 {act=<*> flg=<*> cmp=<*> (has extras)} from uid <*> on display <*>
"ActivityRecord info: ActivityInfo{ d1c8e63 com.tencent.mobileqq.activity.SplashActivity}, euid: 0",ActivityRecord info: ActivityInfo{<*><*><*><*><*><*><*><*><*><*><*><*><*><*><*><*><*><*><*><*><*><*><*><*><*><*><*><*><*><*><*><*><*><*><*><*><*><*><*><*><*><*><*><*><*><*><*><*><*><*><*><*><*><*><*><*><*><*><*><*><*><*><*><*><*><*><*><*><*><*><*><*><*><*><*><*><*><*><*><*><*><*><*><*><*><*><*><*><*><*><*><*><*><*><*><*><*><*><*><*><*><*><*><*><*><*><*><*><*> <*> <*> <*> <*>,"ActivityRecord info: ActivityInfo{<*> <*>}, euid: <*>"
"setSystemUiVisibility vis=40000500 mask=ffffffff oldVal=40000600 newVal=40000500 diff=300 fullscreenStackVis=0 dockedStackVis=0, fullscreenStackBounds=Rect(0, 0 - 720, 1280), dockedStackBounds=Rect(0, 0 - 0, 0)","setSystemUiVisibility vis=<*> mask=<*> ffffff oldVal=<*> newVal=<*> diff=<*> fullscreenStackVis=<*> dockedStackVis=<*>, fullscreenStackBounds=Rect(<*>, <*> - <*>, <*> ), dockedStackBounds=Rect(<*>, <*> - <*>, <*> )","setSystemUiVisibility vis=<*> mask=<*> oldVal=<*> newVal=<*> diff=<*> fullscreenStackVis=<*> dockedStackVis=<*>, fullscreenStackBounds=Rect(<*>, <*> - <*>, <*>), dockedStackBounds=Rect(<*>, <*> - <*>, <*>)"
cancelNotificationLocked:0|com.tencent.mobileqq|121|null|10111,cancelNotificationLocked:<*> ;com.tencent.mobileqq|<*> ;null|<*>,cancelNotificationLocked:<*>|<*>|<*>|<*>|<*>
"Taking screenshot from Surface with crop:[Rect(0, 48 - 720, 1208)], width:[432], height:[696], minLayer:[21085], maxLayer:[21085], inRotation:[false], rot:[0]","Taking screenshot from Surface with crop:[Rect(<*>, <*> - <*>, 1208)], width:[<*> ], height:[<*> ], minLayer:[<*> ], maxLayer:[<*> ], rot:<*>","Taking screenshot from Surface with crop:[Rect(<*>, <*> - <*>, <*>)], width:[<*>], height:[<*>], minLayer:[<*>], maxLayer:[<*>], inRotation:[<*>], rot:[<*>]"
"updateLightsLocked,mInCall =false,mScreenOn = true,ledNotification == null?true","updateLightsLocked,mInCall =<*>,mScreenOn =<*>,ledNotification ==<*>.0?<*>","updateLightsLocked,mInCall =<*>,mScreenOn = <*>,ledNotification == null?true"
removeNotification:0|com.tencent.mobileqq|121|null|10111,removeNotification:<*>,removeNotification:<*>|<*>|<*>|<*>|<*>
"setSystemUiVisibility vis=508 mask=ffffffff oldVal=40000500 newVal=508 diff=40000008 fullscreenStackVis=0 dockedStackVis=0, fullscreenStackBounds=Rect(0, 0 - 720, 1280), dockedStackBounds=Rect(0, 0 - 0, 0)","setSystemUiVisibility vis=<*> mask=<*> ffffff oldVal=<*> newVal=<*> diff=<*> fullscreenStackVis=<*> dockedStackVis=<*>, fullscreenStackBounds=Rect(<*>, <*> - <*>, <*> ), dockedStackBounds=Rect(<*>, <*> - <*>, <*> )","setSystemUiVisibility vis=<*> mask=<*> oldVal=<*> newVal=<*> diff=<*> fullscreenStackVis=<*> dockedStackVis=<*>, fullscreenStackBounds=Rect(<*>, <*> - <*>, <*>), dockedStackBounds=Rect(<*>, <*> - <*>, <*>)"
Sending non-protected broadcast com.android.systemui.statusbar.visible.change from system 2227:com.android.systemui/u0a37 pkg com.android.systemui,Sending non-protected broadcast <*>,Sending non-protected broadcast <*> from system <*> pkg <*>
getRecentTasks: topActivity=ComponentInfo{ com.tencent.mobileqq/com.tencent.mobileqq.activity.SplashActivity},getRecentTasks: topActivity=ComponentInfo<*><*><*><*><*><*><*><*><*><*><*><*><*><*><*><*><*><*><*><*><*><*><*><*><*><*><*><*><*><*><*><*><*><*><*><*><*><*><*><*><*><*><*><*><*><*><*><*><*><*><*><*><*><*><*><*><*><*><*><*><*><*><*><*><*><*><*><*><*><*><*><*><*><*><*><*><*><*><*><*><*><*><*><*><*><*><*><*><*><*><*><*><*><*><*><*>Until,getRecentTasks: topActivity=ComponentInfo{<*>}
getRecentTasks: topActivity=ComponentInfo{ com.tencent.mobileqq/com.tencent.mobileqq.activity.SplashActivity},getRecentTasks: topActivity=ComponentInfo<*><*><*><*><*><*><*><*><*><*><*><*><*><*><*><*><*><*><*><*><*><*><*><*><*><*><*><*><*><*><*><*><*><*><*><*><*><*><*><*><*><*><*><*><*><*><*><*><*><*><*><*><*><*><*><*><*><*><*><*><*><*><*><*><*><*><*><*><*><*><*><*><*><*><*><*><*><*><*><*><*><*><*><*><*><*><*><*><*><*><*><*><*><*><*><*>Until,getRecentTasks: topActivity=ComponentInfo{<*>}
"setSystemUiVisibility vis=40000500 mask=ffffffff oldVal=508 newVal=40000500 diff=40000008 fullscreenStackVis=0 dockedStackVis=0, fullscreenStackBounds=Rect(0, 0 - 720, 1280), dockedStackBounds=Rect(0, 0 - 0, 0)","setSystemUiVisibility vis=<*> mask=<*> ffffff oldVal=<*> newVal=<*> diff=<*> fullscreenStackVis=<*> dockedStackVis=<*>, fullscreenStackBounds=Rect(<*>, <*> - <*>, <*> ), dockedStackBounds=Rect(<*>, <*> - <*>, <*> )","setSystemUiVisibility vis=<*> mask=<*> oldVal=<*> newVal=<*> diff=<*> fullscreenStackVis=<*> dockedStackVis=<*>, fullscreenStackBounds=Rect(<*>, <*> - <*>, <*>), dockedStackBounds=Rect(<*>, <*> - <*>, <*>)"
disable: < expand icons* alerts system_info* back home recent clock navigationbar search quick_settings >,disable: <*> expand icons* alerts system_info* back home recent clock navigationbar search quick_settings >,disable: < expand icons* alerts system_info* back home recent clock navigationbar search quick_settings >
android.util.AndroidRuntimeException: Must execute in UI,android.util.AndroidRuntimeException: Must execute in UI,<*>: Must execute in UI
*** unregister callback for com.android.systemui.statusbar.policy.KeyguardMonitor@712d093,*** unregister callback for <*>,*** unregister callback for <*>@<*>
setWiredDeviceConnectionState type: -2147483632 state: 0,"setWiredDeviceConnectionState type: <*>, state: <*>",setWiredDeviceConnectionState type: <*> state: <*>
setWiredDeviceConnectionState type: 4 state: 0,setWiredDeviceConnectionState type: <*>,setWiredDeviceConnectionState type: <*> state: <*>
"sending alarm Alarm{ aa90550 type 3 when 509142332 PendingIntent{ 1749923: PendingIntentRecord{ 9600e20 android broadcastIntent}}},repeatInterval = 0,listenerTag =time_tick","sending alarm Alarm sterling <*>, type <*> when <*>, when <*>, PendingIntentRecord { <*>,repeatInterval =<*>,listenerTag =<*>","sending alarm Alarm{<*> type <*> when <*> PendingIntent{<*>: PendingIntentRecord{<*> android broadcastIntent}}},repeatInterval = <*>,listenerTag =time_tick"
received broadcast android.intent.action.TIME_TICK,received broadcast android.intent.action.TIME_TICK,received broadcast <*>
"sending alarm Alarm{ 19069ff type 3 when 509169377 PendingIntent{ 50303cc: PendingIntentRecord{ e204f60 com.android.phone broadcastIntent}}},repeatInterval = 0,listenerTag =null","sending alarm Alarm sterling <*> ff type <*> when <*>,PendingIntentRecord seit <*>,repeatInterval =<*>,listenerTag =<*>","sending alarm Alarm{<*> type <*> when <*> PendingIntent{<*>: PendingIntentRecord{<*> <*> broadcastIntent}}},repeatInterval = <*>,listenerTag =<*>"
Killing 23484:com.android.calendar/u0a13 (adj 906): empty for 1810s,Killing <*>,Killing <*> (adj <*>): empty for <*>
"sending alarm Alarm{ c1705d3 type 3 when 509202333 PendingIntent{ 1749923: PendingIntentRecord{ 9600e20 android broadcastIntent}}},repeatInterval = 0,listenerTag =time_tick","sending alarm Alarm sterling c1705d3 type <*> when <*> { <*> : PendingIntentRecord { <*>,repeatInterval =<*>,listenerTag =<*>","sending alarm Alarm{<*> type <*> when <*> PendingIntent{<*>: PendingIntentRecord{<*> android broadcastIntent}}},repeatInterval = <*>,listenerTag =time_tick"
received broadcast android.intent.action.TIME_TICK,received broadcast android.intent.action.TIME_TICK,received broadcast <*>
remove(PendingIntent{ e4e2534: PendingIntentRecord{ e204f60 com.android.phone broadcastIntent}} ) changed bounds; rebatching,"remove(PendingIntent <*> ) <*>, <*>",remove(PendingIntent{<*>: PendingIntentRecord{<*> <*> broadcastIntent}}) changed bounds; rebatching
Unable to start service Intent { act=com.tencent.android.tpush.action.keepalive cmp=com.qqgame.hlddz/com.tencent.android.tpush.service.XGPushService } U=0: not found,"Unable to start service Intent { act=<*> cmp=<*>, U=<*>",Unable to start service Intent { act=<*> cmp=<*> } U=<*>: not found
Pid:28601 MediaPlayer destructor,Pid:<*>,Pid:<*> MediaPlayer destructor
Process com.tencent.mobileqq:qzone (pid 12236) has died,Process com.tencent.mobileqq:qzone (pid <*> ) has died,Process <*>:qzone (pid <*>) has died
Scheduling restart of crashed service com.tencent.mobileqq/cooperation.qzone.remote.logic.QzoneWebPluginProxyService in 1000ms,Scheduling restart of crashed service com.tencent.mobileqq/cooperation.qzone.remote.logic.QzoneWebPluginProxyService in <*>,Scheduling restart of crashed service <*> in <*>
"new Process app=ProcessRecord{ 6eaaf00 0:com.tencent.mobileqq:qzone/u0a111}, name: com.tencent.mobileqq:qzone, euid: 0","new Process app=<*>,ProcessRecord stable <*>, name: <*>, euid: <*>","new Process app=ProcessRecord{<*> <*>}, name: <*>:qzone, euid: <*>"
Start proc 13003:com.tencent.mobileqq:qzone/u0a111 for service com.tencent.mobileqq/cooperation.qzone.remote.logic.QzoneWebPluginProxyService,Start proc <*>,Start proc <*> for service <*>
"Taking screenshot from Surface with crop:[Rect(0, 48 - 720, 1208)], width:[432], height:[696], minLayer:[21000], maxLayer:[21080], inRotation:[false], rot:[0]","Taking screenshot from Surface with crop:[Rect(<*>, <*> - <*>, <*> ), width:[<*> ], height:[<*> ], minLayer:[<*> ], maxLayer:[<*> ], rot:<*>","Taking screenshot from Surface with crop:[Rect(<*>, <*> - <*>, <*>)], width:[<*>], height:[<*>], minLayer:[<*>], maxLayer:[<*>], inRotation:[<*>], rot:[<*>]"
"setSystemUiVisibility vis=708 mask=ffffffff oldVal=40000500 newVal=708 diff=40000208 fullscreenStackVis=0 dockedStackVis=0, fullscreenStackBounds=Rect(0, 0 - 720, 1280), dockedStackBounds=Rect(0, 0 - 0, 0)","setSystemUiVisibility vis=<*> mask=<*> ffffff oldVal=<*> newVal=<*> diff=<*> fullscreenStackVis=<*> dockedStackVis=<*>, fullscreenStackBounds=Rect(<*>, <*> - <*>, <*> ), dockedStackBounds=Rect(<*>, <*> - <*>, <*> )","setSystemUiVisibility vis=<*> mask=<*> oldVal=<*> newVal=<*> diff=<*> fullscreenStackVis=<*> dockedStackVis=<*>, fullscreenStackBounds=Rect(<*>, <*> - <*>, <*>), dockedStackBounds=Rect(<*>, <*> - <*>, <*>)"
getRecentTasks: topActivity=ComponentInfo{ com.tencent.mobileqq/com.tencent.mobileqq.activity.SplashActivity},getRecentTasks: topActivity=ComponentInfo<*><*><*><*><*><*><*><*><*><*><*><*><*><*><*><*><*><*><*><*><*><*><*><*><*><*><*><*><*><*><*><*><*><*><*><*><*><*><*><*><*><*><*><*><*><*><*><*><*><*><*><*><*><*><*><*><*><*><*><*><*><*><*><*><*><*><*><*><*><*><*><*><*><*><*><*><*><*><*><*><*><*><*><*><*><*><*><*><*><*><*><*><*><*><*><*>Until,getRecentTasks: topActivity=ComponentInfo{<*>}
getRecentTasks: topActivity=ComponentInfo{ com.tencent.mobileqq/com.tencent.mobileqq.activity.SplashActivity},getRecentTasks: topActivity=ComponentInfo<*><*><*><*><*><*><*><*><*><*><*><*><*><*><*><*><*><*><*><*><*><*><*><*><*><*><*><*><*><*><*><*><*><*><*><*><*><*><*><*><*><*><*><*><*><*><*><*><*><*><*><*><*><*><*><*><*><*><*><*><*><*><*><*><*><*><*><*><*><*><*><*><*><*><*><*><*><*><*><*><*><*><*><*><*><*><*><*><*><*><*><*><*><*><*><*>Until,getRecentTasks: topActivity=ComponentInfo{<*>}
"setSystemUiVisibility vis=c0000700 mask=ffffffff oldVal=708 newVal=c0000700 diff=c0000008 fullscreenStackVis=0 dockedStackVis=0, fullscreenStackBounds=Rect(0, 0 - 720, 1280), dockedStackBounds=Rect(0, 0 - 0, 0)","setSystemUiVisibility vis=<*> mask=<*> ffffff oldVal=<*> newVal=<*> diff=<*> fullscreenStackVis=<*> dockedStackVis=<*>, fullscreenStackBounds=Rect(<*>, <*> - <*>, <*> ), dockedStackBounds=Rect(<*>, <*> - <*>, <*> )","setSystemUiVisibility vis=<*> mask=<*> oldVal=<*> newVal=<*> diff=<*> fullscreenStackVis=<*> dockedStackVis=<*>, fullscreenStackBounds=Rect(<*>, <*> - <*>, <*>), dockedStackBounds=Rect(<*>, <*> - <*>, <*>)"
enqueueNotificationInternal: pkg=com.tencent.mobileqq id=121 notification=Notification(pri=1 contentView=null vibrate=[100] sound=null tick defaults=0x0 flags=0x11 color=0x00000000 vis=PRIVATE),enqueueNotificationInternal: pkg=<*> id=<*> notification=<*> (pri=<*> contentView=<*> flags=<*> color=<*> vis=<*>,enqueueNotificationInternal: pkg=<*> id=<*> notification=Notification(pri=<*> contentView=<*> vibrate=[<*>] sound=<*> tick defaults=<*> flags=<*> color=<*> vis=PRIVATE)
enqueueNotificationInternal: n.getKey = 0|com.tencent.mobileqq|121|null|10111,enqueueNotificationInternal: n.getKey = <*> | <*> | <*>,enqueueNotificationInternal: n.getKey = <*>
"updateLightsLocked,mInCall =false,mScreenOn = true,ledNotification == null?false","updateLightsLocked,mInCall =<*>,mScreenOn =<*>,ledNotification ==<*>","updateLightsLocked,mInCall =<*>,mScreenOn = <*>,ledNotification == null?false"
addNotification key=0|com.tencent.mobileqq|121|null|10111,addNotification key=<*>|com.tencent.mobileqq|<*>|null|<*>,addNotification key=<*>|<*>|<*>|<*>|<*>
disable: < expand ICONS* alerts SYSTEM_INFO* back home recent clock navigationbar search quick_settings >,disable: <*> expand ICONS* alerts SYSTEM_INFO* back home recent clock navigationbar search quick_settings >,disable: < expand ICONS* alerts SYSTEM_INFO* back home recent clock navigationbar search quick_settings >
Marking notification as seen 0|com.tencent.mobileqq|121|null|10111,Marking notification as seen <*> |com.tencent.mobileqq|<*>,Marking notification as seen <*>|<*>|<*>|<*>|<*>
"START u0 { act=android.intent.action.MAIN cat=[android.intent.category.LAUNCHER] flg=0x10200000 cmp=com.example.android.notepad/.NotePadActivity bnds=[8,820][184,1011]} from uid 10057 on display 0",START <*> act=<*> cat=<*> flg=<*> cmp=<*> bnds=<*> <*> from <*> <*>,START u0 {act=<*> cat=[<*>] flg=<*> cmp=<*> bnds=<*>} from uid <*> on display <*>
"ActivityRecord info: ActivityInfo{ f39182 com.example.android.notepad.NotePadActivity}, euid: 0",ActivityRecord info: ActivityInfo<*><*><*><*><*><*><*><*><*><*><*><*><*><*><*><*><*><*><*><*><*><*><*><*><*><*><*><*><*><*><*><*><*><*><*><*><*><*><*><*><*><*><*><*><*><*><*><*><*><*><*><*><*><*><*><*><*><*><*><*><*><*><*><*><*><*><*><*><*><*><*><*><*><*><*><*><*><*><*><*><*><*><*><*><*><*><*><*><*><*><*><*><*><*><*><*><*><*><*><*><*><*><*><*><*><*><*><*><*> <*> <*> <*> <*> <*>,"ActivityRecord info: ActivityInfo{<*> <*>}, euid: <*>"
"rotationForOrientationLw(orient=-1, last=0); user=0 USER_ROTATION_LOCKED","rotationForOrientationLw(orient=<*>, last=<*> ), user=<*> USER_ROTATION_LOCKED","rotationForOrientationLw(orient=<*>, last=<*>); user=<*> USER_ROTATION_LOCKED"
"setSystemUiVisibility vis=80000608 mask=ffffffff oldVal=c0000700 newVal=80000608 diff=40000108 fullscreenStackVis=0 dockedStackVis=0, fullscreenStackBounds=Rect(0, 0 - 720, 1280), dockedStackBounds=Rect(0, 0 - 0, 0)","setSystemUiVisibility vis=<*> mask=<*> ffffff oldVal=<*> newVal=<*> diff=<*> fullscreenStackVis=<*> dockedStackVis=<*>, fullscreenStackBounds=Rect(<*>, <*> - <*>, <*> ), dockedStackBounds=Rect(<*>, <*> - <*>, <*> )","setSystemUiVisibility vis=<*> mask=<*> oldVal=<*> newVal=<*> diff=<*> fullscreenStackVis=<*> dockedStackVis=<*>, fullscreenStackBounds=Rect(<*>, <*> - <*>, <*>), dockedStackBounds=Rect(<*>, <*> - <*>, <*>)"
getRecentTasks: topActivity=ComponentInfo{ com.example.android.notepad/com.example.android.notepad.NoteEditor},getRecentTasks: topActivity=ComponentInfo<*><*><*><*><*><*><*><*><*><*><*><*><*><*><*><*><*><*><*><*><*><*><*><*><*><*><*><*><*><*><*><*><*><*><*><*><*><*><*><*><*><*><*><*><*><*><*><*><*><*><*><*><*><*><*><*><*><*><*><*><*><*><*><*><*><*><*><*><*><*><*><*><*><*><*><*><*><*><*><*><*><*><*><*><*><*><*><*><*><*><*><*><*><*><*><*>Educate,getRecentTasks: topActivity=ComponentInfo{<*>}
getRecentTasks: topActivity=ComponentInfo{ com.example.android.notepad/com.example.android.notepad.NoteEditor},getRecentTasks: topActivity=ComponentInfo<*><*><*><*><*><*><*><*><*><*><*><*><*><*><*><*><*><*><*><*><*><*><*><*><*><*><*><*><*><*><*><*><*><*><*><*><*><*><*><*><*><*><*><*><*><*><*><*><*><*><*><*><*><*><*><*><*><*><*><*><*><*><*><*><*><*><*><*><*><*><*><*><*><*><*><*><*><*><*><*><*><*><*><*><*><*><*><*><*><*><*><*><*><*><*><*>Educate,getRecentTasks: topActivity=ComponentInfo{<*>}
"setSystemUiVisibility vis=40000600 mask=ffffffff oldVal=80000608 newVal=40000600 diff=c0000008 fullscreenStackVis=0 dockedStackVis=0, fullscreenStackBounds=Rect(0, 0 - 720, 1280), dockedStackBounds=Rect(0, 0 - 0, 0)","setSystemUiVisibility vis=<*> mask=<*> ffffff oldVal=<*> newVal=<*> diff=<*> fullscreenStackVis=<*> dockedStackVis=<*>, fullscreenStackBounds=Rect(<*>, <*> - <*>, <*> ), dockedStackBounds=Rect(<*>, <*> - <*>, <*> )","setSystemUiVisibility vis=<*> mask=<*> oldVal=<*> newVal=<*> diff=<*> fullscreenStackVis=<*> dockedStackVis=<*>, fullscreenStackBounds=Rect(<*>, <*> - <*>, <*>), dockedStackBounds=Rect(<*>, <*> - <*>, <*>)"
"ACTIVITY check resid: com.example.android.notepad, size=0",ACTIVITY check resid: <*>,"ACTIVITY check resid: <*>, size=<*>"
disable: < expand icons* alerts system_info* back home recent clock navigationbar search quick_settings >,disable: <*> expand icons* alerts system_info* back home recent clock navigationbar search quick_settings >,disable: < expand icons* alerts system_info* back home recent clock navigationbar search quick_settings >
"ACTIVITY check resid: com.example.android.notepad, size=1",ACTIVITY check resid: <*>,"ACTIVITY check resid: <*>, size=<*>"
"setSystemUiVisibility vis=40000000 mask=ffffffff oldVal=40000600 newVal=40000000 diff=600 fullscreenStackVis=0 dockedStackVis=0, fullscreenStackBounds=Rect(0, 0 - 720, 1280), dockedStackBounds=Rect(0, 0 - 0, 0)","setSystemUiVisibility vis=<*> mask=<*> ffffff oldVal=<*> newVal=<*> diff=<*> fullscreenStackVis=<*> dockedStackVis=<*>, fullscreenStackBounds=Rect(<*>, <*> - <*>, <*> ), dockedStackBounds=Rect(<*>, <*> - <*>, <*> )","setSystemUiVisibility vis=<*> mask=<*> oldVal=<*> newVal=<*> diff=<*> fullscreenStackVis=<*> dockedStackVis=<*>, fullscreenStackBounds=Rect(<*>, <*> - <*>, <*>), dockedStackBounds=Rect(<*>, <*> - <*>, <*>)"
"setSystemUiVisibility vis=40000600 mask=ffffffff oldVal=40000000 newVal=40000600 diff=600 fullscreenStackVis=0 dockedStackVis=0, fullscreenStackBounds=Rect(0, 0 - 720, 1280), dockedStackBounds=Rect(0, 0 - 0, 0)","setSystemUiVisibility vis=<*> mask=<*> ffffff oldVal=<*> newVal=<*> diff=<*> fullscreenStackVis=<*> dockedStackVis=<*>, fullscreenStackBounds=Rect(<*>, <*> - <*>, <*> ), dockedStackBounds=Rect(<*>, <*> - <*>, <*> )","setSystemUiVisibility vis=<*> mask=<*> oldVal=<*> newVal=<*> diff=<*> fullscreenStackVis=<*> dockedStackVis=<*>, fullscreenStackBounds=Rect(<*>, <*> - <*>, <*>), dockedStackBounds=Rect(<*>, <*> - <*>, <*>)"
"rotationForOrientationLw(orient=1, last=0); user=0 USER_ROTATION_LOCKED","rotationForOrientationLw(orient=<*>, last=<*>, user=<*> ) USER_ROTATION_LOCKED","rotationForOrientationLw(orient=<*>, last=<*>); user=<*> USER_ROTATION_LOCKED"
"Application requested orientation 1, got rotation 0 which has compatible metrics","Application requested orientation 1, got rotation <*> which has compatible metrics","Application requested orientation <*>, got rotation <*> which has compatible metrics"
"Taking screenshot from Surface with crop:[Rect(0, 48 - 720, 1208)], width:[432], height:[696], minLayer:[21080], maxLayer:[21085], inRotation:[false], rot:[0]","Taking screenshot from Surface with crop:[Rect(<*>, <*> - <*>, <*> ), width:[<*> ], height:[<*> ], minLayer:[<*> ], maxLayer:[<*> ], rot:<*>","Taking screenshot from Surface with crop:[Rect(<*>, <*> - <*>, <*>)], width:[<*>], height:[<*>], minLayer:[<*>], maxLayer:[<*>], inRotation:[<*>], rot:[<*>]"
"setSystemUiVisibility vis=708 mask=ffffffff oldVal=40000600 newVal=708 diff=40000108 fullscreenStackVis=0 dockedStackVis=0, fullscreenStackBounds=Rect(0, 0 - 720, 1280), dockedStackBounds=Rect(0, 0 - 0, 0)","setSystemUiVisibility vis=<*> mask=<*> ffffff oldVal=<*> newVal=<*> diff=<*> fullscreenStackVis=<*> dockedStackVis=<*>, fullscreenStackBounds=Rect(<*>, <*> - <*>, <*> ), dockedStackBounds=Rect(<*>, <*> - <*>, <*> )","setSystemUiVisibility vis=<*> mask=<*> oldVal=<*> newVal=<*> diff=<*> fullscreenStackVis=<*> dockedStackVis=<*>, fullscreenStackBounds=Rect(<*>, <*> - <*>, <*>), dockedStackBounds=Rect(<*>, <*> - <*>, <*>)"
getRecentTasks: topActivity=ComponentInfo{ com.example.android.notepad/com.example.android.notepad.NoteEditor},getRecentTasks: topActivity=ComponentInfo<*><*><*><*><*><*><*><*><*><*><*><*><*><*><*><*><*><*><*><*><*><*><*><*><*><*><*><*><*><*><*><*><*><*><*><*><*><*><*><*><*><*><*><*><*><*><*><*><*><*><*><*><*><*><*><*><*><*><*><*><*><*><*><*><*><*><*><*><*><*><*><*><*><*><*><*><*><*><*><*><*><*><*><*><*><*><*><*><*><*><*><*><*><*><*><*>Educate,getRecentTasks: topActivity=ComponentInfo{<*>}
getRecentTasks: topActivity=ComponentInfo{ com.example.android.notepad/com.example.android.notepad.NoteEditor},getRecentTasks: topActivity=ComponentInfo<*><*><*><*><*><*><*><*><*><*><*><*><*><*><*><*><*><*><*><*><*><*><*><*><*><*><*><*><*><*><*><*><*><*><*><*><*><*><*><*><*><*><*><*><*><*><*><*><*><*><*><*><*><*><*><*><*><*><*><*><*><*><*><*><*><*><*><*><*><*><*><*><*><*><*><*><*><*><*><*><*><*><*><*><*><*><*><*><*><*><*><*><*><*><*><*>Educate,getRecentTasks: topActivity=ComponentInfo{<*>}
"setSystemUiVisibility vis=c0000700 mask=ffffffff oldVal=708 newVal=c0000700 diff=c0000008 fullscreenStackVis=0 dockedStackVis=0, fullscreenStackBounds=Rect(0, 0 - 720, 1280), dockedStackBounds=Rect(0, 0 - 0, 0)","setSystemUiVisibility vis=<*> mask=<*> ffffff oldVal=<*> newVal=<*> diff=<*> fullscreenStackVis=<*> dockedStackVis=<*>, fullscreenStackBounds=Rect(<*>, <*> - <*>, <*> ), dockedStackBounds=Rect(<*>, <*> - <*>, <*> )","setSystemUiVisibility vis=<*> mask=<*> oldVal=<*> newVal=<*> diff=<*> fullscreenStackVis=<*> dockedStackVis=<*>, fullscreenStackBounds=Rect(<*>, <*> - <*>, <*>), dockedStackBounds=Rect(<*>, <*> - <*>, <*>)"
"START u0 { act=android.intent.action.MAIN cat=[android.intent.category.LAUNCHER] flg=0x10200000 cmp=com.tencent.mobileqq/.activity.SplashActivity bnds=[360,820][536,1011]} from uid 10057 on display 0","START <*> act=<*> cat=<*> flg=<*> cmp=<*> bnds=<*> <*>,from <*> uid <*> on display <*>",START u0 {act=<*> cat=[<*>] flg=<*> cmp=<*> bnds=<*>} from uid <*> on display <*>
"ActivityRecord info: ActivityInfo{ 71e60ba com.tencent.mobileqq.activity.SplashActivity}, euid: 0",ActivityRecord info: ActivityInfo{<*><*><*><*><*><*><*><*><*><*><*><*><*><*><*><*><*><*><*><*><*><*><*><*><*><*><*><*><*><*><*><*><*><*><*><*><*><*><*><*><*><*><*><*><*><*><*><*><*><*><*><*><*><*><*><*><*><*><*><*><*><*><*><*><*><*><*><*><*><*><*><*><*><*><*><*><*><*><*><*><*><*><*><*><*><*><*><*><*><*><*><*><*><*><*><*><*><*><*><*><*><*><*><*><*><*><*><*><*> <*> <*> <*> <*>,"ActivityRecord info: ActivityInfo{<*> <*>}, euid: <*>"
"setSystemUiVisibility vis=80000508 mask=ffffffff oldVal=c0000700 newVal=80000508 diff=40000208 fullscreenStackVis=0 dockedStackVis=0, fullscreenStackBounds=Rect(0, 0 - 720, 1280), dockedStackBounds=Rect(0, 0 - 0, 0)","setSystemUiVisibility vis=<*> mask=<*> ffffff oldVal=<*> newVal=<*> diff=<*> fullscreenStackVis=<*> dockedStackVis=<*>, fullscreenStackBounds=Rect(<*>, <*> - <*>, <*> ), dockedStackBounds=Rect(<*>, <*> - <*>, <*> )","setSystemUiVisibility vis=<*> mask=<*> oldVal=<*> newVal=<*> diff=<*> fullscreenStackVis=<*> dockedStackVis=<*>, fullscreenStackBounds=Rect(<*>, <*> - <*>, <*>), dockedStackBounds=Rect(<*>, <*> - <*>, <*>)"
getRecentTasks: topActivity=ComponentInfo{ com.tencent.mobileqq/com.tencent.mobileqq.activity.SplashActivity},getRecentTasks: topActivity=ComponentInfo<*><*><*><*><*><*><*><*><*><*><*><*><*><*><*><*><*><*><*><*><*><*><*><*><*><*><*><*><*><*><*><*><*><*><*><*><*><*><*><*><*><*><*><*><*><*><*><*><*><*><*><*><*><*><*><*><*><*><*><*><*><*><*><*><*><*><*><*><*><*><*><*><*><*><*><*><*><*><*><*><*><*><*><*><*><*><*><*><*><*><*><*><*><*><*><*>Until,getRecentTasks: topActivity=ComponentInfo{<*>}
getRecentTasks: topActivity=ComponentInfo{ com.tencent.mobileqq/com.tencent.mobileqq.activity.SplashActivity},getRecentTasks: topActivity=ComponentInfo<*><*><*><*><*><*><*><*><*><*><*><*><*><*><*><*><*><*><*><*><*><*><*><*><*><*><*><*><*><*><*><*><*><*><*><*><*><*><*><*><*><*><*><*><*><*><*><*><*><*><*><*><*><*><*><*><*><*><*><*><*><*><*><*><*><*><*><*><*><*><*><*><*><*><*><*><*><*><*><*><*><*><*><*><*><*><*><*><*><*><*><*><*><*><*><*>Until,getRecentTasks: topActivity=ComponentInfo{<*>}
cancelNotificationLocked:0|com.tencent.mobileqq|121|null|10111,cancelNotificationLocked:<*> ;com.tencent.mobileqq|<*> ;null|<*>,cancelNotificationLocked:<*>|<*>|<*>|<*>|<*>
"updateLightsLocked,mInCall =false,mScreenOn = true,ledNotification == null?true","updateLightsLocked,mInCall =<*>,mScreenOn =<*>,ledNotification ==<*>.0?<*>","updateLightsLocked,mInCall =<*>,mScreenOn = <*>,ledNotification == null?true"
"setSystemUiVisibility vis=40000500 mask=ffffffff oldVal=80000508 newVal=40000500 diff=c0000008 fullscreenStackVis=0 dockedStackVis=0, fullscreenStackBounds=Rect(0, 0 - 720, 1280), dockedStackBounds=Rect(0, 0 - 0, 0)","setSystemUiVisibility vis=<*> mask=<*> ffffff oldVal=<*> newVal=<*> diff=<*> fullscreenStackVis=<*> dockedStackVis=<*>, fullscreenStackBounds=Rect(<*>, <*> - <*>, <*> ), dockedStackBounds=Rect(<*>, <*> - <*>, <*> )","setSystemUiVisibility vis=<*> mask=<*> oldVal=<*> newVal=<*> diff=<*> fullscreenStackVis=<*> dockedStackVis=<*>, fullscreenStackBounds=Rect(<*>, <*> - <*>, <*>), dockedStackBounds=Rect(<*>, <*> - <*>, <*>)"
removeNotification:0|com.tencent.mobileqq|121|null|10111,removeNotification:<*>,removeNotification:<*>|<*>|<*>|<*>|<*>
"sending alarm Alarm{ d764221 type 3 when 509262332 PendingIntent{ 1749923: PendingIntentRecord{ 9600e20 android broadcastIntent}}},repeatInterval = 0,listenerTag =time_tick","sending alarm Alarm sterling d764221 type <*> when <*> : PendingIntentRecord { <*>,repeatInterval =<*>,listenerTag =<*>","sending alarm Alarm{<*> type <*> when <*> PendingIntent{<*>: PendingIntentRecord{<*> android broadcastIntent}}},repeatInterval = <*>,listenerTag =time_tick"
received broadcast android.intent.action.TIME_TICK,received broadcast android.intent.action.TIME_TICK,received broadcast <*>
"setDataSource(166, 0, 576460752303423487)","setDataSource(<*>, 0, <*>, <*>, <*>, <*>, <*>, <*>, <*>, <*>, <*>, <*>, <*>, <*>, <*>, <*>, <*>, <*>, <*>, <*>, <*>, <*>, <*>, <*>, <*>, <*>, <*>, <*>, <*>, <*>, <*>, <*>","setDataSource(<*>, <*>, <*>)"
received broadcast android.intent.action.BATTERY_CHANGED,received broadcast android.intent.action.BATTERY_CHANGED,received broadcast <*>
ChargingSpeed Wattage: -1 ST: 5000000 --> 7500000,ChargingSpeed Wattage: <*> --> <*>,ChargingSpeed Wattage: <*> ST: <*> --> <*>
"Taking screenshot from Surface with crop:[Rect(0, 48 - 720, 1208)], width:[432], height:[696], minLayer:[21000], maxLayer:[21080], inRotation:[false], rot:[0]","Taking screenshot from Surface with crop:[Rect(<*>, <*> - <*>, <*> ), width:[<*> ], height:[<*> ], minLayer:[<*> ], maxLayer:[<*> ], rot:<*>","Taking screenshot from Surface with crop:[Rect(<*>, <*> - <*>, <*>)], width:[<*>], height:[<*>], minLayer:[<*>], maxLayer:[<*>], inRotation:[<*>], rot:[<*>]"
"setSystemUiVisibility vis=708 mask=ffffffff oldVal=40000500 newVal=708 diff=40000208 fullscreenStackVis=0 dockedStackVis=0, fullscreenStackBounds=Rect(0, 0 - 720, 1280), dockedStackBounds=Rect(0, 0 - 0, 0)","setSystemUiVisibility vis=<*> mask=<*> ffffff oldVal=<*> newVal=<*> diff=<*> fullscreenStackVis=<*> dockedStackVis=<*>, fullscreenStackBounds=Rect(<*>, <*> - <*>, <*> ), dockedStackBounds=Rect(<*>, <*> - <*>, <*> )","setSystemUiVisibility vis=<*> mask=<*> oldVal=<*> newVal=<*> diff=<*> fullscreenStackVis=<*> dockedStackVis=<*>, fullscreenStackBounds=Rect(<*>, <*> - <*>, <*>), dockedStackBounds=Rect(<*>, <*> - <*>, <*>)"
getRecentTasks: topActivity=ComponentInfo{ com.tencent.mobileqq/com.tencent.mobileqq.activity.SplashActivity},getRecentTasks: topActivity=ComponentInfo<*><*><*><*><*><*><*><*><*><*><*><*><*><*><*><*><*><*><*><*><*><*><*><*><*><*><*><*><*><*><*><*><*><*><*><*><*><*><*><*><*><*><*><*><*><*><*><*><*><*><*><*><*><*><*><*><*><*><*><*><*><*><*><*><*><*><*><*><*><*><*><*><*><*><*><*><*><*><*><*><*><*><*><*><*><*><*><*><*><*><*><*><*><*><*><*>Until,getRecentTasks: topActivity=ComponentInfo{<*>}
getRecentTasks: topActivity=ComponentInfo{ com.tencent.mobileqq/com.tencent.mobileqq.activity.SplashActivity},getRecentTasks: topActivity=ComponentInfo<*><*><*><*><*><*><*><*><*><*><*><*><*><*><*><*><*><*><*><*><*><*><*><*><*><*><*><*><*><*><*><*><*><*><*><*><*><*><*><*><*><*><*><*><*><*><*><*><*><*><*><*><*><*><*><*><*><*><*><*><*><*><*><*><*><*><*><*><*><*><*><*><*><*><*><*><*><*><*><*><*><*><*><*><*><*><*><*><*><*><*><*><*><*><*><*>Until,getRecentTasks: topActivity=ComponentInfo{<*>}
"setSystemUiVisibility vis=c0000700 mask=ffffffff oldVal=708 newVal=c0000700 diff=c0000008 fullscreenStackVis=0 dockedStackVis=0, fullscreenStackBounds=Rect(0, 0 - 720, 1280), dockedStackBounds=Rect(0, 0 - 0, 0)","setSystemUiVisibility vis=<*> mask=<*> ffffff oldVal=<*> newVal=<*> diff=<*> fullscreenStackVis=<*> dockedStackVis=<*>, fullscreenStackBounds=Rect(<*>, <*> - <*>, <*> ), dockedStackBounds=Rect(<*>, <*> - <*>, <*> )","setSystemUiVisibility vis=<*> mask=<*> oldVal=<*> newVal=<*> diff=<*> fullscreenStackVis=<*> dockedStackVis=<*>, fullscreenStackBounds=Rect(<*>, <*> - <*>, <*>), dockedStackBounds=Rect(<*>, <*> - <*>, <*>)"
enqueueNotificationInternal: pkg=com.tencent.mm id=4097 notification=Notification(pri=1 contentView=null vibrate=[] sound=null tick defaults=0x0 flags=0x101 color=0x00000000 category=msg vis=PRIVATE),enqueueNotificationInternal: pkg=<*> id=<*> notification=<*> (pri=<*> contentView=<*> flags=<*> color=<*> category=<*> msg vis=<*>,enqueueNotificationInternal: pkg=<*> id=<*> notification=Notification(pri=<*> contentView=<*> vibrate=[<*>] sound=<*> tick defaults=<*> flags=<*> color=<*> category=msg vis=PRIVATE)
enqueueNotificationInternal: n.getKey = 0|com.tencent.mm|4097|null|10112,enqueueNotificationInternal: n.getKey = <*> | <*>|null|<*>,enqueueNotificationInternal: n.getKey = <*>
"updateLightsLocked,mInCall =false,mScreenOn = true,ledNotification == null?false","updateLightsLocked,mInCall =<*>,mScreenOn =<*>,ledNotification ==<*>","updateLightsLocked,mInCall =<*>,mScreenOn = <*>,ledNotification == null?false"
addNotification key=0|com.tencent.mm|4097|null|10112,addNotification key=<*>|com.tencent.mm|<*>|null|<*>,addNotification key=<*>|<*>|<*>|<*>|<*>
disable: < expand ICONS* alerts SYSTEM_INFO* back home recent clock navigationbar search quick_settings >,disable: <*> expand ICONS* alerts SYSTEM_INFO* back home recent clock navigationbar search quick_settings >,disable: < expand ICONS* alerts SYSTEM_INFO* back home recent clock navigationbar search quick_settings >
Marking notification as seen 0|com.tencent.mm|4097|null|10112,Marking notification as seen <*> |com.tencent.mm|<*> ;null|<*>,Marking notification as seen <*>|<*>|<*>|<*>|<*>
"sending alarm Alarm{ 2741459 type 3 when 509267844 PendingIntent{ f75f81e: PendingIntentRecord{ e204f60 com.android.phone broadcastIntent}}},repeatInterval = 0,listenerTag =null","sending alarm Alarm sterling <*> type <*> when <*> f75f81e: PendingIntentRecord {,repeatInterval =<*>,listenerTag =<*>","sending alarm Alarm{<*> type <*> when <*> PendingIntent{<*>: PendingIntentRecord{<*> <*> broadcastIntent}}},repeatInterval = <*>,listenerTag =<*>"
"onInterceptTouchEvent MotionEvent { action=ACTION_DOWN, actionButton=0, id[0]=0, x[0]=622.0, y[0]=86.0, toolType[0]=TOOL_TYPE_FINGER, buttonState=0, metaState=0, flags=0x0, edgeFlags=0x0, pointerCount=1, historySize=0, eventTime=261991304, downTime=261991304, deviceId=3, source=0x1002 }, mBlockTouches=false","onInterceptTouchEvent MotionEvent { action=<*>, actionButton=<*>, id[<*> ], x[<*> ], y[<*> ], toolType[<*> ], TOOL_TYPE_FINGER, buttonState=<*>, metaState=<*>, flags=<*>, edgeFlags=<*>, pointerCount=<*>, historySize=<*>, eventTime=<*>, downTime=<*>, deviceId=<*>, source=<*>,","onInterceptTouchEvent MotionEvent { action=ACTION_DOWN, actionButton=<*>, id[<*>]=<*>, x[<*>]=<*>, y[<*>]=<*>, toolType[<*>]=TOOL_TYPE_FINGER, buttonState=<*>, metaState=<*>, flags=<*>, edgeFlags=<*>, pointerCount=<*>, historySize=<*>, eventTime=<*>, downTime=<*>, deviceId=<*>, source=<*> }, mBlockTouches=<*>"
"onInterceptTouchEvent MotionEvent { action=ACTION_UP, actionButton=0, id[0]=0, x[0]=622.0, y[0]=86.0, toolType[0]=TOOL_TYPE_FINGER, buttonState=0, metaState=0, flags=0x0, edgeFlags=0x0, pointerCount=1, historySize=0, eventTime=261991368, downTime=261991304, deviceId=3, source=0x1002 }, mBlockTouches=false","onInterceptTouchEvent MotionEvent { action=<*>, actionButton=<*>, id[<*> ], x[<*> ], y[<*> ], toolType[<*> ], TOOL_TYPE_FINGER, buttonState=<*>, metaState=<*>, flags=<*>, edgeFlags=<*>, pointerCount=<*>, historySize=<*>, eventTime=<*>, downTime=<*>, deviceId=<*>, source=<*>,","onInterceptTouchEvent MotionEvent { action=ACTION_UP, actionButton=<*>, id[<*>]=<*>, x[<*>]=<*>, y[<*>]=<*>, toolType[<*>]=TOOL_TYPE_FINGER, buttonState=<*>, metaState=<*>, flags=<*>, edgeFlags=<*>, pointerCount=<*>, historySize=<*>, eventTime=<*>, downTime=<*>, deviceId=<*>, source=<*> }, mBlockTouches=<*>"
START u0 { flg=0x24000000 cmp=com.tencent.mm/.ui.LauncherUI (has extras)} from uid 10112 on display 0,START <*> flg=<*> cmp=<*> (has extras) from <*> on display <*>,START u0 {flg=<*> cmp=<*> (has extras)} from uid <*> on display <*>
"ActivityRecord info: ActivityInfo{ 80c2e70 com.tencent.mm.ui.LauncherUI}, euid: 0",ActivityRecord info: ActivityInfo{<*><*><*><*><*><*><*><*><*><*><*><*><*><*><*><*><*><*><*><*><*><*><*><*><*><*><*><*><*><*><*><*><*><*><*><*><*><*><*><*><*><*><*><*><*><*><*><*><*><*><*><*><*><*><*><*><*><*><*><*><*><*><*><*><*><*><*><*><*><*><*><*><*><*><*><*><*><*><*><*><*><*><*><*><*><*><*><*><*><*><*><*><*><*><*><*><*><*><*><*><*><*><*><*><*><*><*><*><*> <*> <*> <*> <*>,"ActivityRecord info: ActivityInfo{<*> <*>}, euid: <*>"
disable: < expand icons* alerts system_info* back home recent clock navigationbar search quick_settings >,disable: <*> expand icons* alerts system_info* back home recent clock navigationbar search quick_settings >,disable: < expand icons* alerts system_info* back home recent clock navigationbar search quick_settings >
getRecentTasks: topActivity=ComponentInfo{ com.tencent.mm/com.tencent.mm.ui.LauncherUI},getRecentTasks: topActivity=ComponentInfo<*><*><*><*><*><*><*><*><*><*><*><*><*><*><*><*><*><*><*><*><*><*><*><*><*><*><*><*><*><*><*><*><*><*><*><*><*><*><*><*><*><*><*><*><*><*><*><*><*><*><*><*><*><*><*><*><*><*><*><*><*><*><*><*><*><*><*><*><*><*><*><*><*><*><*><*><*><*><*><*><*><*><*><*><*><*><*><*><*><*><*><*><*><*><*><*>/<*>/<*>,getRecentTasks: topActivity=ComponentInfo{<*>}
getRecentTasks: topActivity=ComponentInfo{ com.tencent.mm/com.tencent.mm.ui.LauncherUI},getRecentTasks: topActivity=ComponentInfo<*><*><*><*><*><*><*><*><*><*><*><*><*><*><*><*><*><*><*><*><*><*><*><*><*><*><*><*><*><*><*><*><*><*><*><*><*><*><*><*><*><*><*><*><*><*><*><*><*><*><*><*><*><*><*><*><*><*><*><*><*><*><*><*><*><*><*><*><*><*><*><*><*><*><*><*><*><*><*><*><*><*><*><*><*><*><*><*><*><*><*><*><*><*><*><*>/<*>/<*>,getRecentTasks: topActivity=ComponentInfo{<*>}
