time reset +0.182379 s,time reset <*> s,time reset +<*> s
"synchronized to LOCAL(0), stratum 10","synchronized to LOCAL(<*>), stratum <*>","synchronized to <*>, stratum <*>"
CentOS-4 (Kernel Module GPG key),<*> (Kernel Module GPG key),CentOS-<*> (Kernel Module GPG key)
(supports S0 S4 S5),((supports <*> S0 S4 S5),(supports <*>)
DSDT (v001 DELL PE BKC 0x00000001 MSFT 0x0100000e) @ 0x0000000000000000,DSDT (v001 DELL PE BKC <*> MSFT <*>) @ <*>,<*> (v001 DELL PE BKC <*> MSFT <*>) @ <*>
FADT (v001 DELL PE BKC 0x00000001 MSFT 0x0100000a) @ 0x00000000000fd6b0,FADT (v001 DELL PE BKC <*> MSFT <*>) @ <*>,<*> (v001 DELL PE BKC <*> MSFT <*>) @ <*>
HPET (v001 DELL PE BKC 0x00000001 MSFT 0x0100000a) @ 0x00000000000fd81c,HPET (v001 DELL PE BKC <*> MSFT <*>) @ <*>,<*> (v001 DELL PE BKC <*> MSFT <*>) @ <*>
INT_SRC_OVR (bus 0 bus_irq 0 global_irq 2 dfl dfl),INT_SRC_OVR (bus <*> bus_irq <*> global_irq <*> dfl <*>),INT_SRC_OVR (bus <*> bus_irq <*> global_irq <*> dfl dfl)
MADT (v001 DELL PE BKC 0x00000001 MSFT 0x0100000a) @ 0x00000000000fd724,MADT (v001 DELL PE BKC <*> MSFT <*>) @ <*>,<*> (v001 DELL PE BKC <*> MSFT <*>) @ <*>
MCFG (v001 DELL PE BKC 0x00000001 MSFT 0x0100000a) @ 0x00000000000fd854,MCFG (v001 DELL PE BKC <*> MSFT <*>) @ <*>,<*> (v001 DELL PE BKC <*> MSFT <*>) @ <*>
PCI Interrupt Link [LNKA] (IRQs 3 4 5 6 7 10 11 12) *14,PCI Interrupt Link [<*>] (IRQs <*> <*> <*> <*> <*> <*> <*>) <*>,PCI Interrupt Link [<*>] (IRQs <*> <*> <*> <*> <*> <*> <*> <*>) <*>
PCI Interrupt Link [LNKC] (IRQs 3 4 5 6 7 10 11 12) *15,PCI Interrupt Link [<*>] (IRQs <*> <*> <*> <*> <*> <*> <*>) <*>,PCI Interrupt Link [<*>] (IRQs <*> <*> <*> <*> <*> <*> <*> <*>) <*>
PCI Root Bridge [PCI0] (00:00),PCI Root Bridge [<*>] (<*>),PCI <*> Bridge [PCI0] (<*>)
Power Button (FF) [PWRF],Power Button (<*>) [PWRF],Power Button (FF) [PWRF]
RSDP (v000 DELL ) @ 0x00000000000fd650,RSDP (v000 <*> ) @ 0x00000000000fd650,RSDP (<*> DELL ) @ <*>
RSDT (v001 DELL PE BKC 0x00000001 MSFT 0x0100000a) @ 0x00000000000fd664,RSDT (v001 DELL PE BKC <*> MSFT <*>) @ <*>,<*> (v001 DELL PE BKC <*> MSFT <*>) @ <*>
colour VGA+ 80x25,colour <*> + <*>,colour VGA+ <*>
"sys_ia32.c,v 1.32 2002/03/24 13:02:28 ak Exp $",<*>,<*> <*> <*> ak Exp $
"routing cache hash table of 65536 buckets, 1024Kbytes","routing cache hash table of <*> buckets, <*>Kbytes","routing cache hash table of <*> buckets, <*>"
"root=LABEL=/ initrd=/x86_64/initrd-2.6.9-5.0.5.EL-lustre-1.4.2-perfctr-admin console=tty0 console=ttyS0,19200 fastboot BOOT_IMAGE=/x86_64/vmlinuz-2.6.9-5.0.5.EL-lustre-1.4.2-perfctr",<*> <*> <*> <*> <*> <*> <*> <*> <*> <*> <*> <*> <*> <*> <*> <*> <*> <*> <*> <*> <*> <*> <*> <*> <*> <*> <*> <*> <*> <*> <*> <*> <*> <*> <*> <*> <*> <*> <*> <*> <*> <*> <*> <*> <*> <*> <*> <*> <*> <*> <*> <*> <*> <*> <*> <*> <*> <*> <*> <*> <*> <*> <*> <*> <*> <*> <*> <*> <*> <*> <*> <*> <*> <*> <*> <*> <*> <*> <*> <*> <*> <*> <*> <*> <*> <*> <*> <*> <*> <*> <*> <*> <*> <*> <*> <*> <*> <*> <*> <*> <*> <*> <*> <*> <*> <*> <*> <*> <*> <*> <*> <*> <*> <*> <*> <*> <*> <*> <*> <*> <*> <*> <*> <*> <*> <*> <*> <*> <*> <*> <*> <*> <*> <*> <*> <*> <*> <*> <*> <*> <*> <*> <*> <*> <*> <*> <*> <*> <*> <*> <*> <*> <*> <*> <*> <*> <*> <*> <*> <*> <*> <*> <*> <*> <*> <*> <*> <*> <*> <*> <*> <*> <*> <*> <*> <*> <*> <*> <*> <*> <*> <*> <*> <*> <*> <*> <*> <*> <*> <*> <*> <*> <*> <*> <*> <*> <*> <*> <*> <*> <*> <*> <*> <*> <*> <*> <*> <*> <*> <*> <*> <*> <*> <*> <*> <*> <*> <*> <*> <*> <*> <*> <*> <*> <*> <*> <*> <*> <*> <*> <*> <*> <*> <*> <*> <*> <*> <*> <*> <*> <*> <*> <*> <*> <*> <*> <*> <*> <*> <*> <*> <*> <*> <*> <*> <*> <*> <*> <*> <*> <*> <*> <*> <*> <*> <*> <*> <*> <*> <*> <*> <*> <*> <*> <*> <*> <*> <*> <*> <*> <*> <*> <*> <*> <*> <*> <*> <*> <*> <*> <*> <*> <*> <*> <*> <*> <*> <*> <*> <*> <*> <*> <*> <*> <*> <*> <*> <*> <*> <*> <*> <*> <*> <*> <*> <*> <*> <*> <*> <*> <*> <*> <*> <*> <*> <*> <*> <*> <*> <*> <*> <*> <*> <*> <*> <*> <*> <*> <*> <*> <*,"<*>=LABEL=/ initrd=<*> console=<*> console=<*>,<*> fastboot BOOT_IMAGE=<*>"
Using software bounce buffering for IO (SWIOTLB),Using software bounce buffering for IO (<*>-),Using software bounce buffering for IO (SWIOTLB)
Probing PCI hardware (bus 00),Probing PCI hardware (<*>),Probing PCI hardware (bus <*>)
Disk quotas dquot_6.5.1,Disk quotas dquot_<*>,Disk quotas <*>
MegaRAID Model: LD 0 RAID1 139G Rev: 516A,MegaRAID Model: LD <*> RAID1 <*>,MegaRAID Model: LD <*> RAID1 <*> Rev: <*>
4.1.0-ioctl (2003-12-10) initialised: #36#@#37#,<*>-ioctl (<*>-<*>) initialised: <*>@<*>,<*>-ioctl (<*>) initialised: <*>
v2.0:USB HID core driver,v2.0:<*> HID core driver,<*>:USB HID core driver
eth0: e1000_watchdog: NIC Link is Up 1000 Mbps Full Duplex,<*>: <*>: NIC Link is Up <*> Full Duplex,eth0: <*>: NIC Link is Up <*> Mbps Full Duplex
Assuming 33MHz system bus speed for PIO modes; override with idebus=xx,Assuming <*>MHz system bus speed for PIO modes; override with idebus=<*>,Assuming <*> system bus speed for PIO modes; override with idebus=xx
Unknown cmd fd(5) cmd(80081272){00} arg(ffffda44) on /dev/sda,Unknown cmd fd(<*>) cmd(<*>) arg(<*>) on /dev/sda,Unknown cmd fd(<*>) cmd(<*>){<*>} arg(<*>) on <*>
#38#-rh1 (Release Date: Fri Dec 10 19:02:14 EST 2004),<*>-<*> (Release Date: <*> <*>),<*> (Release Date: <*> <*>)
fw version:[516A] bios version:[H418],fw version:[<*>] bios version:[H418],fw version:[<*>] bios version:[<*>]
probe new device 0x1028:0x0013:0x1028:0x016c: bus 2:slot 14:func 0,probe new device <*>:<*>:<*>:<*>:<*>: bus <*>:slot <*>:func <*>,probe new device <*>: bus <*>:slot <*>:func <*>
PS/2 mouse device common for all mice,PS/2 mouse device common for all mice,PS/<*> mouse device common for all mice
v2.0 (20020519),v2.0 (<*>),<*> (<*>)
Starting ts_fixup: succeeded,Starting <*>: succeeded,Starting ts_fixup: succeeded
scanning scsi channel 0 [Phy 0] for non-raid devices,scanning <*> for non-raid devices,scanning scsi channel <*> [Phy <*>] for non-raid devices
scanning scsi channel 1 [virtual] for logical drives,scanning scsi channel <*> for logical drives,scanning scsi channel <*> [virtual] for logical drives
sda1 sda2 sda3 sda4,<*> <*> <*> <*> <*>,sda1 sda2 sda3 sda4
"i8042 AUX port at 0x60,0x64 irq 12","i8042 AUX port at <*>,<*> irq <*>","<*> AUX port at <*>,<*> irq <*>"
Detected 3591.360 MHz processor.,Detected <*> processor.,Detected <*> MHz processor.
registered new driver hiddev,registered new driver <*>,registered new driver hiddev
registered new driver hub,registered new driver <*>,registered new driver hub
registered new driver usbfs,registered new driver <*>,registered new driver usbfs
registered new driver usbhid,registered new driver <*>,registered new driver usbhid
probe of vesafb0 failed with error -6,probe of <*> failed with error -6,probe of vesafb0 failed with error <*>
"connection from ""#28#""","connection from ""###""",connection from <*>
Warning: we failed to resolve data source name bn142 bn143 bn144 bn145 bn146 bn147 bn148 bn149 bn150 bn151 bn152 bn153 bn154 bn155 bn156 bn157 bn158 bn159 bn160 bn161 bn162 bn163 bn164 bn165 bn166 bn167 bn168 bn169 bn170 bn171 bn172 bn173 bn174 bn175 bn176 bn177 bn178 bn179 bn180 bn181 bn182 bn183 bn184 bn185 bn186 bn187 bn188 bn189 bn190 bn191 bn192 bn193 bn194 bn195 bn196 bn197 bn198 bn199 bn200 bn201 bn202 bn203 bn204 bn205 bn206 bn207 bn208 bn209 bn210 bn211 bn212 bn213 bn214 bn215 bn216 bn217 bn218 bn219 bn220 bn221 bn222 bn223 bn224 bn225 bn226 bn227 bn228 bn229 bn230 bn231 bn232 bn233 bn234 bn235 bn236 bn237 bn238 bn239 bn240 bn241 bn242 bn243 bn244 bn245 bn246 bn247 bn248 bn249 bn250 bn251 bn252 bn253 bn254 bn255 bn256,Warning: we failed to resolve data source name <*> bn142 bn143 bn144 bn145 bn146 bn147 bn148 bn149 bn150 bn151 bn152 bn153 bn154 bn155 bn156 bn157 bn158 bn159 bn160 bn161 bn162 bn163 bn164 bn165 bn166 bn167 bn168 bn169 bn170 bn171 bn172 bn173 bn174 bn175 bn176 bn177 bn178 bn179 bn180 bn181 bn182 bn183 bn184 bn185 bn186 bn187 bn188 bn189 bn190 bn191 bn192 bn193 bn194 bn195 bn196 bn197 bn198 bn199 bn200 bn201 bn202 bn203 bn204 bn205 bn206 bn207 bn208 bn209 bn210 bn211 bn212 bn213 bn214 bn215 bn216 bn217 bn218 bn219 bn220 bn221 bn222 bn223 bn224 bn225 bn226 bn227 bn228 bn229 bn230 bn231 bn232 bn233 bn234 bn235 bn236 bn237 bn238 bn239 bn240 bn241 bn242 bn243 bn244 bn245 bn246 bn247 bn248 bn249 bn250 bn251 bn252 bn253 bn254 bn255 bn256,Warning: we failed to resolve data source name <*>
Warning: we failed to resolve data source name bn398 bn399 bn400 bn401 bn402 bn403 bn404 bn405 bn406 bn407 bn408 bn409 bn410 bn411 bn412 bn413 bn414 bn415 bn416 bn417 bn418 bn419 bn420 bn421 bn422 bn423 bn424 bn425 bn426 bn427 bn428 bn429 bn430 bn431 bn432 bn433 bn434 bn435 bn436 bn437 bn438 bn439 bn440 bn441 bn442 bn443 bn444 bn445 bn446 bn447 bn448 bn449 bn450 bn451 bn452 bn453 bn454 bn455 bn456 bn457 bn458 bn459 bn460 bn461 bn462 bn463 bn464 bn465 bn466 bn467 bn468 bn469 bn470 bn471 bn472 bn473 bn474 bn475 bn476 bn477 bn478 bn479 bn480 bn481 bn482 bn483 bn484 bn485 bn486 bn487 bn488 bn489 bn490 bn491 bn492 bn493 bn494 bn495 bn496 bn497 bn498 bn499 bn500 bn501 bn502 bn503 bn504 bn505 bn506 bn507 bn508 bn509 bn510 bn511 bn512,Warning: we failed to resolve data source name <*> bn<*> bn<*> bn<*> bn<*> bn<*> bn<*> bn<*> bn<*> bn<*> bn<*> bn<*> bn<*> bn<*> bn<*> bn<*> bn<*> bn<*> bn<*> bn<*> bn<*> bn<*> bn<*> bn<*> bn<*> bn<*> bn<*> bn<*> bn<*> bn<*> bn<*> bn<*> bn<*> bn<*> bn<*> bn<*> bn<*> bn<*> bn<*> bn<*> bn<*> bn<*> bn<*> bn<*> bn<*> bn<*> bn<*> bn<*> bn<*> bn<*> bn<*> bn<*> bn<*> bn<*> bn<*> bn<*> bn<*> bn<*> bn<*> bn<*> bn<*> bn<*> bn<*> bn<*> bn<*> bn<*> bn<*> bn<*> bn<*> bn<*> bn<*> bn<*> bn<*> bn<*> bn<*> bn<*> bn<*> bn<*> bn<*> bn<*> bn<*> bn<*> bn<*> bn<*> bn<*> bn<*> bn<*> bn<*> bn<*> bn<*> bn<*> bn<*> bn<*> bn<*> bn<*> bn<*> bn<*> bn<*> bn<*> bn<*> bn<*> bn<*> bn<*> bn<*> bn<*> bn<*> bn<*> bn<*> bn<*> bn<*> bn<*> bn<*> bn<*> bn<*> bn<*> bn<*> bn<*> bn<*> bn<*> bn<*> bn<*> bn<*> bn<*> bn<*> bn<*> bn<*> bn<*> bn<*> bn<*> bn<*> bn<*> bn<*> bn<*> bn<*> bn<*> bn<*> bn<*> bn<*> bn<*> bn<*> bn<*> bn<*> bn<*> bn<*> bn<*> bn<*> bn<*> bn<*> bn<*> bn<*> bn<*> bn<*> bn<*> bn<*> bn<*> bn<*> bn<*> bn<*> bn<*> bn<*> bn<*> bn<*> bn<*> bn<*> bn<*> bn<*> bn<*> bn<*> bn<*> bn<*> bn<*> bn<*> bn<*> bn<*> bn<*> bn<*> bn<*> bn<*> bn<*> bn<*> bn<*> bn<*> bn<*> bn<*> bn<*> bn<*> bn<*> bn<*> bn<*> bn<*> bn<*> bn<*> bn<*> bn<*> bn<*> bn<*> bn<*> bn<*> bn<*> bn<*> bn<*> bn<*> bn<*>,Warning: we failed to resolve data source name <*>
Warning: we failed to resolve data source name bn526 bn527 bn528 bn529 bn530 bn531 bn532 bn533 bn534 bn535 bn536 bn537 bn538 bn539 bn540 bn541 bn542 bn543 bn544 bn545 bn546 bn547 bn548 bn549 bn550 bn551 bn552 bn553 bn554 bn555 bn556 bn557 bn558 bn559 bn560 bn561 bn562 bn563 bn564 bn565 bn566 bn567 bn568 bn569 bn570 bn571 bn572 bn573 bn574 bn575 bn576 bn577 bn578 bn579 bn580 bn581 bn582 bn583 bn584 bn585 bn586 bn587 bn588 bn589 bn590 bn591 bn592 bn593 bn594 bn595 bn596 bn597 bn598 bn599 bn600 bn601 bn602 bn603 bn604 bn605 bn606 bn607 bn608 bn609 bn610 bn611 bn612 bn613 bn614 bn615 bn616 bn617 bn618 bn619 bn620 bn621 bn622 bn623 bn624 bn625 bn626 bn627 bn628 bn629 bn630 bn631 bn632 bn633 bn634 bn635 bn636 bn637 bn638 bn639 bn640,Warning: we failed to resolve data source name <*> bn526 bn527 bn528 bn529 bn530 bn531 bn532 bn533 bn534 bn535 bn536 bn537 bn538 bn539 bn540 bn541 bn542 bn543 bn544 bn545 bn546 bn547 bn548 bn549 bn550 bn551 bn552 bn553 bn554 bn555 bn556 bn557 bn558 bn559 bn560 bn561 bn562 bn563 bn564 bn565 bn566 bn567 bn568 bn569 bn570 bn571 bn572 bn573 bn574 bn575 bn576 bn577 bn578 bn579 bn580 bn581 bn582 bn583 bn584 bn585 bn586 bn587 bn588 bn589 bn590 bn591 bn592 bn593 bn594 bn595 bn596 bn597 bn598 bn599 bn600 bn601 bn602 bn603 bn604 bn605 bn606 bn607 bn608 bn609 bn610 bn611 bn612 bn613 bn614 bn615 bn616 bn617 bn618 bn619 bn620 bn621 bn622 bn623 bn624 bn625 bn626 bn627 bn628 bn629 bn630 bn631 bn632 bn633 bn634 bn635 bn636 bn637 bn638 bn639 bn640,Warning: we failed to resolve data source name <*>
Warning: we failed to resolve data source name dadmin2 dadmin3 dadmin4,Warning: we failed to resolve data source name <*> <*> <*>,Warning: we failed to resolve data source name <*>
"connection from ""#28#""","connection from ""###""",connection from <*>
Warning: we failed to resolve data source name bn910 bn911 bn912 bn913 bn914 bn915 bn916 bn917 bn918 bn919 bn920 bn921 bn922 bn923 bn924 bn925 bn926 bn927 bn928 bn929 bn930 bn931 bn932 bn933 bn934 bn935 bn936 bn937 bn938 bn939 bn940 bn941 bn942 bn943 bn944 bn945 bn946 bn947 bn948 bn949 bn950 bn951 bn952 bn953 bn954 bn955 bn956 bn957 bn958 bn959 bn960 bn961 bn962 bn963 bn964 bn965 bn966 bn967 bn968 bn969 bn970 bn971 bn972 bn973 bn974 bn975 bn976 bn977 bn978 bn979 bn980 bn981 bn982 bn983 bn984 bn985 bn986 bn987 bn988 bn989 bn990 bn991 bn992 bn993 bn994 bn995 bn996 bn997 bn998 bn999 bn1000 bn1001 bn1002 bn1003 bn1004 bn1005 bn1006 bn1007 bn1008 bn1009 bn1010 bn1011 bn1012 bn1013 bn1014 bn1015 bn1016 bn1017 bn1018 bn1019 bn1020 bn1021 bn1022 bn1023 bn1024,Warning: we failed to resolve data source name <*> bn910 bn911 bn912 bn913 bn914 bn915 bn916 bn917 bn918 bn919 bn920 bn921 bn922 bn923 bn924 bn925 bn926 bn927 bn928 bn929 bn930 bn931 bn932 bn933 bn934 bn935 bn936 bn937 bn938 bn939 bn940 bn941 bn942 bn943 bn944 bn945 bn946 bn947 bn948 bn949 bn950 bn951 bn952 bn953 bn954 bn955 bn956 bn957 bn958 bn959 bn960 bn961 bn962 bn963 bn964 bn965 bn966 bn967 bn968 bn969 bn970 bn971 bn972 bn973 bn974 bn975 bn976 bn977 bn978 bn979 bn980 bn981 bn982 bn983 bn984 bn985 bn986 bn987 bn988 bn989 bn990 bn991 bn992 bn993 bn994 bn995 bn996 bn997 bn998 bn999 bn1000 bn1001 bn1002 bn1003 bn1004 bn1005 bn1006 bn1007 bn1008 bn1009 bn1010 bn1011 bn1012 bn1013 bn1014 bn1015 bn1016 bn1017 bn1018 bn1019 bn1020 bn1021 bn1022,Warning: we failed to resolve data source name <*>
Warning: we failed to resolve data source name dn14 dn15 dn16 dn17 dn18 dn19 dn20 dn21 dn22 dn23 dn24 dn25 dn26 dn27 dn28 dn29 dn30 dn31 dn32 dn33 dn34 dn35 dn36 dn37 dn38 dn39 dn40 dn41 dn42 dn43 dn44 dn45 dn46 dn47 dn48 dn49 dn50 dn51 dn52 dn53 dn54 dn55 dn56 dn57 dn58 dn59 dn60 dn61 dn62 dn63 dn64 dn65 dn66 dn67 dn68 dn69 dn70 dn71 dn72 dn73 dn74 dn75 dn76 dn77 dn78 dn79 dn80 dn81 dn82 dn83 dn84 dn85 dn86 dn87 dn88 dn89 dn90 dn91 dn92 dn93 dn94 dn95 dn96 dn97 dn98 dn99 dn100 dn101 dn102 dn103 dn104 dn105 dn106 dn107 dn108 dn109 dn110 dn111 dn112 dn113 dn114 dn115 dn116 dn117 dn118 dn119 dn120 dn121 dn122 dn123 dn124 dn125 dn126 dn127 dn128,Warning: we failed to resolve data source name <*> dn<*> dn<*> dn<*> dn<*> dn<*> dn<*> dn<*> dn<*> dn<*> dn<*> dn<*> dn<*> dn<*> dn<*> dn<*> dn<*> dn<*> dn<*> dn<*> dn<*> dn<*> dn<*> dn<*> dn<*> dn<*> dn<*> dn<*> dn<*> dn<*> dn<*> dn<*> dn<*> dn<*> dn<*> dn<*> dn<*> dn<*> dn<*> dn<*> dn<*> dn<*> dn<*> dn<*> dn<*> dn<*> dn<*> dn<*> dn<*> dn<*> dn<*> dn<*> dn<*> dn<*> dn<*> dn<*> dn<*> dn<*> dn<*> dn<*> dn<*> dn<*> dn<*> dn<*> dn<*> dn<*> dn<*> dn<*> dn<*> dn<*> dn<*> dn<*> dn<*> dn<*> dn<*> dn<*> dn<*> dn<*> dn<*> dn<*> dn<*> dn<*> dn<*> dn<*> dn<*> dn<*> dn<*> dn<*> dn<*> dn<*> dn<*> dn<*> dn<*> dn<*> dn<*> dn<*> dn<*> dn<*> dn<*> dn<*> dn<*> dn<*> dn<*> dn<*> dn<*> dn<*> dn<*> dn<*> dn<*> dn<*> dn<*> dn<*> dn<*> dn<*> dn<*> dn<*> dn<*> dn<*> dn<*> dn<*> dn<*> dn<*> dn<*> dn<*> dn<*> dn<*> dn<*> dn<*> dn<*> dn<*> dn<*> dn<*> dn<*> dn<*> dn<*> dn<*> dn<*> dn<*> dn<*> dn<*> dn<*> dn<*> dn<*> dn<*> dn<*> dn<*> dn<*> dn<*> dn<*> dn<*> dn<*> dn<*> dn<*> dn<*> dn<*> dn<*> dn<*> dn<*> dn<*> dn<*> dn<*> dn<*> dn<*> dn<*> dn<*> dn<*> dn<*> dn<*> dn<*> dn<*> dn<*> dn<*> dn<*> dn<*> dn<*> dn<*> dn<*> dn<*> dn<*> dn<*> dn<*> dn<*> dn<*> dn<*> dn<*> dn<*> dn<*> dn<*> dn<*> dn<*> dn<*> dn<*> dn<*> dn<*> dn<*> dn<*> dn<*> dn<*> dn<*> dn<*> dn<*> dn<*> dn<*>,Warning: we failed to resolve data source name <*>
Warning: we failed to resolve data source name dn142 dn143 dn144 dn145 dn146 dn147 dn148 dn149 dn150 dn151 dn152 dn153 dn154 dn155 dn156 dn157 dn158 dn159 dn160 dn161 dn162 dn163 dn164 dn165 dn166 dn167 dn168 dn169 dn170 dn171 dn172 dn173 dn174 dn175 dn176 dn177 dn178 dn179 dn180 dn181 dn182 dn183 dn184 dn185 dn186 dn187 dn188 dn189 dn190 dn191 dn192 dn193 dn194 dn195 dn196 dn197 dn198 dn199 dn200 dn201 dn202 dn203 dn204 dn205 dn206 dn207 dn208 dn209 dn210 dn211 dn212 dn213 dn214 dn215 dn216 dn217 dn218 dn219 dn220 dn221 dn222 dn223 dn224 dn225 dn226 dn227 dn228 dn229 dn230 dn231 dn232 dn233 dn234 dn235 dn236 dn237 dn238 dn239 dn240 dn241 dn242 dn243 dn244 dn245 dn246 dn247 dn248 dn249 dn250 dn251 dn252 dn253 dn254 dn255 dn256,Warning: we failed to resolve data source name <*> dn<*> dn<*> dn<*> dn<*> dn<*> dn<*> dn<*> dn<*> dn<*> dn<*> dn<*> dn<*> dn<*> dn<*> dn<*> dn<*> dn<*> dn<*> dn<*> dn<*> dn<*> dn<*> dn<*> dn<*> dn<*> dn<*> dn<*> dn<*> dn<*> dn<*> dn<*> dn<*> dn<*> dn<*> dn<*> dn<*> dn<*> dn<*> dn<*> dn<*> dn<*> dn<*> dn<*> dn<*> dn<*> dn<*> dn<*> dn<*> dn<*> dn<*> dn<*> dn<*> dn<*> dn<*> dn<*> dn<*> dn<*> dn<*> dn<*> dn<*> dn<*> dn<*> dn<*> dn<*> dn<*> dn<*> dn<*> dn<*> dn<*> dn<*> dn<*> dn<*> dn<*> dn<*> dn<*> dn<*> dn<*> dn<*> dn<*> dn<*> dn<*> dn<*> dn<*> dn<*> dn<*> dn<*> dn<*> dn<*> dn<*> dn<*> dn<*> dn<*> dn<*> dn<*> dn<*> dn<*> dn<*> dn<*> dn<*> dn<*> dn<*> dn<*> dn<*> dn<*> dn<*> dn<*> dn<*> dn<*> dn<*> dn<*> dn<*> dn<*> dn<*> dn<*> dn<*> dn<*> dn<*> dn<*> dn<*> dn<*> dn<*> dn<*> dn<*> dn<*> dn<*> dn<*> dn<*> dn<*> dn<*> dn<*> dn<*> dn<*> dn<*> dn<*> dn<*> dn<*> dn<*> dn<*> dn<*> dn<*> dn<*> dn<*> dn<*> dn<*> dn<*> dn<*> dn<*> dn<*> dn<*> dn<*> dn<*> dn<*> dn<*> dn<*> dn<*> dn<*> dn<*> dn<*> dn<*> dn<*> dn<*> dn<*> dn<*> dn<*> dn<*> dn<*> dn<*> dn<*> dn<*> dn<*> dn<*> dn<*> dn<*> dn<*> dn<*> dn<*> dn<*> dn<*> dn<*> dn<*> dn<*> dn<*> dn<*> dn<*> dn<*> dn<*> dn<*> dn<*> dn<*> dn<*> dn<*> dn<*> dn<*> dn<*> dn<*> dn<*> dn<*> dn<*> dn<*> dn<*> dn<*> dn<*>,Warning: we failed to resolve data source name <*>
Warning: we failed to resolve data source name dn270 dn271 dn272 dn273 dn274 dn275 dn276 dn277 dn278 dn279 dn280 dn281 dn282 dn283 dn284 dn285 dn286 dn287 dn288 dn289 dn290 dn291 dn292 dn293 dn294 dn295 dn296 dn297 dn298 dn299 dn300 dn301 dn302 dn303 dn304 dn305 dn306 dn307 dn308 dn309 dn310 dn311 dn312 dn313 dn314 dn315 dn316 dn317 dn318 dn319 dn320 dn321 dn322 dn323 dn324 dn325 dn326 dn327 dn328 dn329 dn330 dn331 dn332 dn333 dn334 dn335 dn336 dn337 dn338 dn339 dn340 dn341 dn342 dn343 dn344 dn345 dn346 dn347 dn348 dn349 dn350 dn351 dn352 dn353 dn354 dn355 dn356 dn357 dn358 dn359 dn360 dn361 dn362 dn363 dn364 dn365 dn366 dn367 dn368 dn369 dn370 dn371 dn372 dn373 dn374 dn375 dn376 dn377 dn378 dn379 dn380 dn381 dn382 dn383 dn384,Warning: we failed to resolve data source name <*> dn<*> dn<*> dn<*> dn<*> dn<*> dn<*> dn<*> dn<*> dn<*> dn<*> dn<*> dn<*> dn<*> dn<*> dn<*> dn<*> dn<*> dn<*> dn<*> dn<*> dn<*> dn<*> dn<*> dn<*> dn<*> dn<*> dn<*> dn<*> dn<*> dn<*> dn<*> dn<*> dn<*> dn<*> dn<*> dn<*> dn<*> dn<*> dn<*> dn<*> dn<*> dn<*> dn<*> dn<*> dn<*> dn<*> dn<*> dn<*> dn<*> dn<*> dn<*> dn<*> dn<*> dn<*> dn<*> dn<*> dn<*> dn<*> dn<*> dn<*> dn<*> dn<*> dn<*> dn<*> dn<*> dn<*> dn<*> dn<*> dn<*> dn<*> dn<*> dn<*> dn<*> dn<*> dn<*> dn<*> dn<*> dn<*> dn<*> dn<*> dn<*> dn<*> dn<*> dn<*> dn<*> dn<*> dn<*> dn<*> dn<*> dn<*> dn<*> dn<*> dn<*> dn<*> dn<*> dn<*> dn<*> dn<*> dn<*> dn<*> dn<*> dn<*> dn<*> dn<*> dn<*> dn<*> dn<*> dn<*> dn<*> dn<*> dn<*> dn<*> dn<*> dn<*> dn<*> dn<*> dn<*> dn<*> dn<*> dn<*> dn<*> dn<*> dn<*> dn<*> dn<*> dn<*> dn<*> dn<*> dn<*> dn<*> dn<*> dn<*> dn<*> dn<*> dn<*> dn<*> dn<*> dn<*> dn<*> dn<*> dn<*> dn<*> dn<*> dn<*> dn<*> dn<*> dn<*> dn<*> dn<*> dn<*> dn<*> dn<*> dn<*> dn<*> dn<*> dn<*> dn<*> dn<*> dn<*> dn<*> dn<*> dn<*> dn<*> dn<*> dn<*> dn<*> dn<*> dn<*> dn<*> dn<*> dn<*> dn<*> dn<*> dn<*> dn<*> dn<*> dn<*> dn<*> dn<*> dn<*> dn<*> dn<*> dn<*> dn<*> dn<*> dn<*> dn<*> dn<*> dn<*> dn<*> dn<*> dn<*> dn<*> dn<*> dn<*> dn<*> dn<*> dn<*> dn<*> dn<*> dn<*> dn<*>,Warning: we failed to resolve data source name <*>
Warning: we failed to resolve data source name dn398 dn399 dn400 dn401 dn402 dn403 dn404 dn405 dn406 dn407 dn408 dn409 dn410 dn411 dn412 dn413 dn414 dn415 dn416 dn417 dn418 dn419 dn420 dn421 dn422 dn423 dn424 dn425 dn426 dn427 dn428 dn429 dn430 dn431 dn432 dn433 dn434 dn435 dn436 dn437 dn438 dn439 dn440 dn441 dn442 dn443 dn444 dn445 dn446 dn447 dn448 dn449 dn450 dn451 dn452 dn453 dn454 dn455 dn456 dn457 dn458 dn459 dn460 dn461 dn462 dn463 dn464 dn465 dn466 dn467 dn468 dn469 dn470 dn471 dn472 dn473 dn474 dn475 dn476 dn477 dn478 dn479 dn480 dn481 dn482 dn483 dn484 dn485 dn486 dn487 dn488 dn489 dn490 dn491 dn492 dn493 dn494 dn495 dn496 dn497 dn498 dn499 dn500 dn501 dn502 dn503 dn504 dn505 dn506 dn507 dn508 dn509 dn510 dn511 dn512,Warning: we failed to resolve data source name <*> dn<*> dn<*> dn<*> dn<*> dn<*> dn<*> dn<*> dn<*> dn<*> dn<*> dn<*> dn<*> dn<*> dn<*> dn<*> dn<*> dn<*> dn<*> dn<*> dn<*> dn<*> dn<*> dn<*> dn<*> dn<*> dn<*> dn<*> dn<*> dn<*> dn<*> dn<*> dn<*> dn<*> dn<*> dn<*> dn<*> dn<*> dn<*> dn<*> dn<*> dn<*> dn<*> dn<*> dn<*> dn<*> dn<*> dn<*> dn<*> dn<*> dn<*> dn<*> dn<*> dn<*> dn<*> dn<*> dn<*> dn<*> dn<*> dn<*> dn<*> dn<*> dn<*> dn<*> dn<*> dn<*> dn<*> dn<*> dn<*> dn<*> dn<*> dn<*> dn<*> dn<*> dn<*> dn<*> dn<*> dn<*> dn<*> dn<*> dn<*> dn<*> dn<*> dn<*> dn<*> dn<*> dn<*> dn<*> dn<*> dn<*> dn<*> dn<*> dn<*> dn<*> dn<*> dn<*> dn<*> dn<*> dn<*> dn<*> dn<*> dn<*> dn<*> dn<*> dn<*> dn<*> dn<*> dn<*> dn<*> dn<*> dn<*> dn<*> dn<*> dn<*> dn<*> dn<*> dn<*> dn<*> dn<*> dn<*> dn<*> dn<*> dn<*> dn<*> dn<*> dn<*> dn<*> dn<*> dn<*> dn<*> dn<*> dn<*> dn<*> dn<*> dn<*> dn<*> dn<*> dn<*> dn<*> dn<*> dn<*> dn<*> dn<*> dn<*> dn<*> dn<*> dn<*> dn<*> dn<*> dn<*> dn<*> dn<*> dn<*> dn<*> dn<*> dn<*> dn<*> dn<*> dn<*> dn<*> dn<*> dn<*> dn<*> dn<*> dn<*> dn<*> dn<*> dn<*> dn<*> dn<*> dn<*> dn<*> dn<*> dn<*> dn<*> dn<*> dn<*> dn<*> dn<*> dn<*> dn<*> dn<*> dn<*> dn<*> dn<*> dn<*> dn<*> dn<*> dn<*> dn<*> dn<*> dn<*> dn<*> dn<*> dn<*> dn<*> dn<*> dn<*> dn<*> dn<*> dn<*> dn<*> dn<*>,Warning: we failed to resolve data source name <*>
Warning: we failed to resolve data source name dn526 dn527 dn528 dn529 dn530 dn531 dn532 dn533 dn534 dn535 dn536 dn537 dn538 dn539 dn540 dn541 dn542 dn543 dn544 dn545 dn546 dn547 dn548 dn549 dn550 dn551 dn552 dn553 dn554 dn555 dn556 dn557 dn558 dn559 dn560 dn561 dn562 dn563 dn564 dn565 dn566 dn567 dn568 dn569 dn570 dn571 dn572 dn573 dn574 dn575 dn576 dn577 dn578 dn579 dn580 dn581 dn582 dn583 dn584 dn585 dn586 dn587 dn588 dn589 dn590 dn591 dn592 dn593 dn594 dn595 dn596 dn597 dn598 dn599 dn600 dn601 dn602 dn603 dn604 dn605 dn606 dn607 dn608 dn609 dn610 dn611 dn612 dn613 dn614 dn615 dn616 dn617 dn618 dn619 dn620 dn621 dn622 dn623 dn624 dn625 dn626 dn627 dn628 dn629 dn630 dn631 dn632 dn633 dn634 dn635 dn636 dn637 dn638 dn639 dn640,Warning: we failed to resolve data source name <*> dn<*> dn<*> dn<*> dn<*> dn<*> dn<*> dn<*> dn<*> dn<*> dn<*> dn<*> dn<*> dn<*> dn<*> dn<*> dn<*> dn<*> dn<*> dn<*> dn<*> dn<*> dn<*> dn<*> dn<*> dn<*> dn<*> dn<*> dn<*> dn<*> dn<*> dn<*> dn<*> dn<*> dn<*> dn<*> dn<*> dn<*> dn<*> dn<*> dn<*> dn<*> dn<*> dn<*> dn<*> dn<*> dn<*> dn<*> dn<*> dn<*> dn<*> dn<*> dn<*> dn<*> dn<*> dn<*> dn<*> dn<*> dn<*> dn<*> dn<*> dn<*> dn<*> dn<*> dn<*> dn<*> dn<*> dn<*> dn<*> dn<*> dn<*> dn<*> dn<*> dn<*> dn<*> dn<*> dn<*> dn<*> dn<*> dn<*> dn<*> dn<*> dn<*> dn<*> dn<*> dn<*> dn<*> dn<*> dn<*> dn<*> dn<*> dn<*> dn<*> dn<*> dn<*> dn<*> dn<*> dn<*> dn<*> dn<*> dn<*> dn<*> dn<*> dn<*> dn<*> dn<*> dn<*> dn<*> dn<*> dn<*> dn<*> dn<*> dn<*> dn<*> dn<*> dn<*> dn<*> dn<*> dn<*> dn<*> dn<*> dn<*> dn<*> dn<*> dn<*> dn<*> dn<*> dn<*> dn<*> dn<*> dn<*> dn<*> dn<*> dn<*> dn<*> dn<*> dn<*> dn<*> dn<*> dn<*> dn<*> dn<*> dn<*> dn<*> dn<*> dn<*> dn<*> dn<*> dn<*> dn<*> dn<*> dn<*> dn<*> dn<*> dn<*> dn<*> dn<*> dn<*> dn<*> dn<*> dn<*> dn<*> dn<*> dn<*> dn<*> dn<*> dn<*> dn<*> dn<*> dn<*> dn<*> dn<*> dn<*> dn<*> dn<*> dn<*> dn<*> dn<*> dn<*> dn<*> dn<*> dn<*> dn<*> dn<*> dn<*> dn<*> dn<*> dn<*> dn<*> dn<*> dn<*> dn<*> dn<*> dn<*> dn<*> dn<*> dn<*> dn<*> dn<*> dn<*> dn<*> dn<*> dn<*>,Warning: we failed to resolve data source name <*>
Warning: we failed to resolve data source name dn654 dn655 dn656 dn657 dn658 dn659 dn660 dn661 dn662 dn663 dn664 dn665 dn666 dn667 dn668 dn669 dn670 dn671 dn672 dn673 dn674 dn675 dn676 dn677 dn678 dn679 dn680 dn681 dn682 dn683 dn684 dn685 dn686 dn687 dn688 dn689 dn690 dn691 dn692 dn693 dn694 dn695 dn696 dn697 dn698 dn699 dn700 dn701 dn702 dn703 dn704 dn705 dn706 dn707 dn708 dn709 dn710 dn711 dn712 dn713 dn714 dn715 dn716 dn717 dn718 dn719 dn720 dn721 dn722 dn723 dn724 dn725 dn726 dn727 dn728 dn729 dn730 dn731 dn732 dn733 dn734 dn735 dn736 dn737 dn738 dn739 dn740 dn741 dn742 dn743 dn744 dn745 dn746 dn747 dn748 dn749 dn750 dn751 dn752 dn753 dn754 dn755 dn756 dn757 dn758 dn759 dn760 dn761 dn762 dn763 dn764 dn765 dn766 dn767 dn768,Warning: we failed to resolve data source name <*> dn <*> dn <*> dn <*> dn <*> dn <*> dn <*> dn <*> dn <*> dn <*> dn <*> dn <*> dn <*> dn <*> dn <*> dn <*> dn <*> dn <*> dn <*> dn <*> dn <*> dn <*> dn <*> dn <*> dn <*> dn <*> dn <*> dn <*> dn <*> dn <*> dn <*> dn <*> dn <*> dn <*> dn <*> dn <*> dn <*> dn <*> dn <*> dn <*> dn <*> dn <*> dn <*> dn <*> dn <*> dn <*> dn <*> dn <*> dn <*> dn <*> dn <*> dn <*> dn <*> dn <*> dn <*> dn <*> dn <*> dn <*> dn <*> dn <*> dn <*> dn <*> dn <*> dn <*> dn <*> dn <*> dn <*> dn <*> dn <*> dn <*> dn <*> dn <*> dn <*> dn <*> dn <*> dn <*> dn <*> dn <*> dn <*> dn <*> dn <*> dn <*> dn <*> dn <*> dn <*> dn <*> dn <*> dn <*> dn <*> dn <*> dn <*> dn <*> dn <*> dn <*> dn <*> dn <*> dn <*> dn <*> dn <*> dn <*> dn <*> dn <*> dn <*> dn <*> dn <*> dn <*> dn <*> dn <*> dn <*> dn <*> dn <*> dn <*> dn <*> dn <*> dn <*> dn <*> dn <*> dn <*> dn <*> dn <*> dn <*> dn <*> dn <*> dn <*> dn <*> dn <*> dn <*> dn <*> dn <*> dn <*> dn <*> dn <*> dn <*> dn <*> dn <*> dn <*> dn <*> dn <*> dn <*> dn <*> dn <*> dn <*> dn <*> dn <*> dn <*> dn <*> dn <*> dn <*> dn <*> dn <*> dn <*> dn <*> dn <*> dn <*> dn <*> dn <*> dn <*> dn <*> dn <*> dn <*> dn <*> dn <*> dn <*> dn <*> dn <*> dn <*> dn <*> dn <*> dn <*> dn <*> dn <*> dn <*> dn <*> dn <*> dn <*> dn <*> dn <*> dn <*> dn <*> dn <*> dn <*> dn <*> dn <*> dn <*> dn <*> dn <*> dn <*> dn <*> dn <*> dn <*> dn <*> dn <*> dn <*> dn <*> dn <*> dn <*> dn <*> dn <*> dn <*> dn <*> dn <*> dn <*> dn <*>,Warning: we failed to resolve data source name <*>
Warning: we failed to resolve data source name dn782 dn783 dn784 dn785 dn786 dn787 dn788 dn789 dn790 dn791 dn792 dn793 dn794 dn795 dn796 dn797 dn798 dn799 dn800 dn801 dn802 dn803 dn804 dn805 dn806 dn807 dn808 dn809 dn810 dn811 dn812 dn813 dn814 dn815 dn816 dn817 dn818 dn819 dn820 dn821 dn822 dn823 dn824 dn825 dn826 dn827 dn828 dn829 dn830 dn831 dn832 dn833 dn834 dn835 dn836 dn837 dn838 dn839 dn840 dn841 dn842 dn843 dn844 dn845 dn846 dn847 dn848 dn849 dn850 dn851 dn852 dn853 dn854 dn855 dn856 dn857 dn858 dn859 dn860 dn861 dn862 dn863 dn864 dn865 dn866 dn867 dn868 dn869 dn870 dn871 dn872 dn873 dn874 dn875 dn876 dn877 dn878 dn879 dn880 dn881 dn882 dn883 dn884 dn885 dn886 dn887 dn888 dn889 dn890 dn891 dn892 dn893 dn894 dn895 dn896,Warning: we failed to resolve data source name <*> dn<*> dn<*> dn<*> dn<*> dn<*> dn<*> dn<*> dn<*> dn<*> dn<*> dn<*> dn<*> dn<*> dn<*> dn<*> dn<*> dn<*> dn<*> dn<*> dn<*> dn<*> dn<*> dn<*> dn<*> dn<*> dn<*> dn<*> dn<*> dn<*> dn<*> dn<*> dn<*> dn<*> dn<*> dn<*> dn<*> dn<*> dn<*> dn<*> dn<*> dn<*> dn<*> dn<*> dn<*> dn<*> dn<*> dn<*> dn<*> dn<*> dn<*> dn<*> dn<*> dn<*> dn<*> dn<*> dn<*> dn<*> dn<*> dn<*> dn<*> dn<*> dn<*> dn<*> dn<*> dn<*> dn<*> dn<*> dn<*> dn<*> dn<*> dn<*> dn<*> dn<*> dn<*> dn<*> dn<*> dn<*> dn<*> dn<*> dn<*> dn<*> dn<*> dn<*> dn<*> dn<*> dn<*> dn<*> dn<*> dn<*> dn<*> dn<*> dn<*> dn<*> dn<*> dn<*> dn<*> dn<*> dn<*> dn<*> dn<*> dn<*> dn<*> dn<*> dn<*> dn<*> dn<*> dn<*> dn<*> dn<*> dn<*> dn<*> dn<*> dn<*> dn<*> dn<*> dn<*> dn<*> dn<*> dn<*> dn<*> dn<*> dn<*> dn<*> dn<*> dn<*> dn<*> dn<*> dn<*> dn<*> dn<*> dn<*> dn<*> dn<*> dn<*> dn<*> dn<*> dn<*> dn<*> dn<*> dn<*> dn<*> dn<*> dn<*> dn<*> dn<*> dn<*> dn<*> dn<*> dn<*> dn<*> dn<*> dn<*> dn<*> dn<*> dn<*> dn<*> dn<*> dn<*> dn<*> dn<*> dn<*> dn<*> dn<*> dn<*> dn<*> dn<*> dn<*> dn<*> dn<*> dn<*> dn<*> dn<*> dn<*> dn<*> dn<*> dn<*> dn<*> dn<*> dn<*> dn<*> dn<*> dn<*> dn<*> dn<*> dn<*> dn<*> dn<*> dn<*> dn<*> dn<*> dn<*> dn<*> dn<*> dn<*> dn<*> dn<*> dn<*> dn<*> dn<*> dn<*> dn<*> dn<*>,Warning: we failed to resolve data source name <*>
Warning: we failed to resolve data source name dn910 dn911 dn912 dn913 dn914 dn915 dn916 dn917 dn918 dn919 dn920 dn921 dn922 dn923 dn924 dn925 dn926 dn927 dn928 dn929 dn930 dn931 dn932 dn933 dn934 dn935 dn936 dn937 dn938 dn939 dn940 dn941 dn942 dn943 dn944 dn945 dn946 dn947 dn948 dn949 dn950 dn951 dn952 dn953 dn954 dn955 dn956 dn957 dn958 dn959 dn960 dn961 dn962 dn963 dn964 dn965 dn966 dn967 dn968 dn969 dn970 dn971 dn972 dn973 dn974 dn975 dn976 dn977 dn978 dn979 dn980 dn981 dn982 dn983 dn984 dn985 dn986 dn987 dn988 dn989 dn990 dn991 dn992 dn993 dn994 dn995 dn996 dn997 dn998 dn999 dn1000 dn1001 dn1002 dn1003 dn1004 dn1005 dn1006 dn1007 dn1008 dn1009 dn1010 dn1011 dn1012 dn1013 dn1014 dn1015 dn1016 dn1017 dn1018 dn1019 dn1020 dn1021 dn1022 dn1023 dn1024,Warning: we failed to resolve data source name <*> dn<*> dn<*> dn<*> dn<*> dn<*> dn<*> dn<*> dn<*> dn<*> dn<*> dn<*> dn<*> dn<*> dn<*> dn<*> dn<*> dn<*> dn<*> dn<*> dn<*> dn<*> dn<*> dn<*> dn<*> dn<*> dn<*> dn<*> dn<*> dn<*> dn<*> dn<*> dn<*> dn<*> dn<*> dn<*> dn<*> dn<*> dn<*> dn<*> dn<*> dn<*> dn<*> dn<*> dn<*> dn<*> dn<*> dn<*> dn<*> dn<*> dn<*> dn<*> dn<*> dn<*> dn<*> dn<*> dn<*> dn<*> dn<*> dn<*> dn<*> dn<*> dn<*> dn<*> dn<*> dn<*> dn<*> dn<*> dn<*> dn<*> dn<*> dn<*> dn<*> dn<*> dn<*> dn<*> dn<*> dn<*> dn<*> dn<*> dn<*> dn<*> dn<*> dn<*> dn<*> dn<*> dn<*> dn<*> dn<*> dn<*> dn<*> dn<*> dn<*> dn<*> dn<*> dn<*> dn<*> dn<*> dn<*> dn<*> dn<*> dn<*> dn<*> dn<*> dn<*> dn<*> dn<*> dn<*> dn<*> dn<*> dn<*> dn<*> dn<*> dn<*> dn<*> dn<*> dn<*> dn<*> dn<*> dn<*> dn<*> dn<*> dn<*> dn<*> dn<*> dn<*> dn<*> dn<*> dn<*> dn<*> dn<*> dn<*> dn<*> dn<*> dn<*> dn<*> dn<*> dn<*> dn<*> dn<*> dn<*> dn<*> dn<*> dn<*> dn<*> dn<*> dn<*> dn<*> dn<*> dn<*> dn<*> dn<*> dn<*> dn<*> dn<*> dn<*> dn<*> dn<*> dn<*> dn<*> dn<*> dn<*> dn<*> dn<*> dn<*> dn<*> dn<*> dn<*> dn<*> dn<*> dn<*> dn<*> dn<*> dn<*> dn<*> dn<*> dn<*> dn<*> dn<*> dn<*> dn<*> dn<*> dn<*> dn<*> dn<*> dn<*> dn<*> dn<*> dn<*> dn<*> dn<*> dn<*> dn<*> dn<*> dn<*> dn<*> dn<*> dn<*> dn<*> dn<*> dn<*> dn<*> dn<*>,Warning: we failed to resolve data source name <*>
Warning: we failed to resolve trusted host name dadmin3 dadmin4,Warning: we failed to resolve trusted host name <*> <*>,Warning: we failed to resolve trusted host name <*>
Server listening on :: port 22.,"Server listening on <*> port <*>.""",Server listening on :: port <*>.
xinetd startup succeeded,<*> startup succeeded,xinetd startup succeeded
xinetd Version 2.3.13 started with libwrap loadavg options compiled in.,<*> Version <*> started with libwrap loadavg options compiled in.,xinetd Version <*> started with libwrap loadavg options compiled in.
"Device: /dev/sda, Temperature changed -2 Celsius to 26 Celsius since last report","Device: <*>, Temperature changed <*> to <*> since last report","Device: <*>, Temperature changed <*> Celsius to <*> Celsius since last report"
