"Kind: YARN_AM_RM_TOKEN, Service: , Ident: (appAttemptId { application_id { id: 20 cluster_timestamp: 1445144423722 } attemptId: 1 } keyId: -127633188)","Kind: YARN_AM_RM_TOKEN, Service: , Ident: (<*> { application_id { id: <*> attemptId: <*> keyId: <*> } })","Kind: YARN_AM_RM_TOKEN, Service: , Ident: (appAttemptId { application_id { id: <*> cluster_timestamp: <*> } attemptId: <*> } keyId: <*>)"
OutputCommitter is org.apache.hadoop.mapreduce.lib.output.FileOutputCommitter,OutputCommitter is org.apache.hadoop.mapreduce.<*>,OutputCommitter is org.apache.hadoop.mapreduce.lib.output.FileOutputCommitter
Scheduled snapshot period at 10 second(s).,Scheduled snapshot period at <*> second(s),Scheduled snapshot period at <*> second(s).
Adding job token for job_1445144423722_0020 to jobTokenSecretManager,Adding job token for <*> to <*>,Adding job token for <*> to jobTokenSecretManager
job_1445144423722_0020Job Transitioned from NEW to INITED,job_<*>Job Transitioned from NEW to INITED,<*> Transitioned from NEW to INITED
"MRAppMaster launching normal, non-uberized, multi-container job job_1445144423722_0020.","MRAppMaster launching normal, non-uberized, multi-container job <*>","MRAppMaster launching normal, non-uberized, multi-container job <*>."
Adding protocol org.apache.hadoop.mapreduce.v2.api.MRClientProtocolPB to the server,Adding protocol org.apache.hadoop.mapreduce.<*> to the server,Adding protocol org.apache.hadoop.mapreduce.v2.api.MRClientProtocolPB to the server
Instantiated MRClientService at MININT-FNANLI5.fareast.corp.microsoft.com/10.86.169.121:62260,Instantiated MRClientService at <*>:<*>,Instantiated MRClientService at MININT-<*>/<*>:<*>
Logging to org.slf4j.impl.Log4jLoggerAdapter(org.mortbay.log) via org.mortbay.log.Slf4jLog,Logging to org.slf4j.impl.Log4jLoggerAdapter(<*>) via org.mortbay.log.Slf4jLog,Logging to <*>(org.mortbay.log) via <*>
Http request log for http.requests.mapreduce is not defined,Http request log for <*> is not defined,Http request log for http.requests.mapreduce is not defined
Added filter AM_PROXY_FILTER (class=org.apache.hadoop.yarn.server.webproxy.amfilter.AmIpFilter) to context mapreduce,Added filter <*> (class=<*>) to context mapreduce,Added filter AM_PROXY_FILTER (class=org.apache.hadoop.yarn.server.webproxy.amfilter.AmIpFilter) to context mapreduce
Added filter AM_PROXY_FILTER (class=org.apache.hadoop.yarn.server.webproxy.amfilter.AmIpFilter) to context static,Added filter <*> (class=<*>) to context static,Added filter AM_PROXY_FILTER (class=org.apache.hadoop.yarn.server.webproxy.amfilter.AmIpFilter) to context static
Extract jar:file:/D:/hadoop-2.6.0-localbox/share/hadoop/yarn/hadoop-yarn-common-2.6.0-SNAPSHOT.jar!/webapps/mapreduce to C:\Users\msrabi\AppData\Local\Temp\Jetty_0_0_0_0_62267_mapreduce____.8n7xum\webapp,Extract jar:<*> to <*>,Extract jar:file:<*> to <*>
Started HttpServer2$SelectChannelConnectorWithSafeStartup@0.0.0.0:62267,Started HttpServer<*>@<*>:<*>,Started HttpServer2$SelectChannelConnectorWithSafeStartup@<*>:<*>
JOB_CREATE job_1445144423722_0020,JOB <*>,JOB_CREATE <*>
nodeBlacklistingEnabled:true,nodeBlacklistingEnabled:true,nodeBlacklistingEnabled:<*>
Connecting to ResourceManager at msra-sa-41/10.190.173.170:8030,Connecting to ResourceManager at <*>:<*>,Connecting to ResourceManager at <*>/<*>:<*>
job_1445144423722_0020Job Transitioned from INITED to SETUP,<*> Job Transitioned from INITED to SETUP,<*> Transitioned from INITED to SETUP
job_1445144423722_0020Job Transitioned from SETUP to RUNNING,<*> Job Transitioned from SETUP to RUNNING,<*> Transitioned from SETUP to RUNNING
"Event Writer setup for JobId: job_1445144423722_0020, File: hdfs://msra-sa-41:9000/tmp/hadoop-yarn/staging/msrabi/.staging/job_1445144423722_0020/job_1445144423722_0020_1.jhist","Event Writer setup for JobId: <*>, File: <*>","Event Writer setup for JobId: <*>, File: hdfs://<*>"
The job-jar file on the remote FS is hdfs://msra-sa-41:9000/tmp/hadoop-yarn/staging/msrabi/.staging/job_1445144423722_0020/job.jar,The job-jar file on the remote FS is hdfs://<*>:<*>/<*>/<*>/<*>/<*>/<*>/<*>/<*>/<*>/<*>/<*>/<*>/<*>/<*>/<*>/<*>/<*>/<*>/<*>/<*>/<*>/<*>/<*>/<*>/<*>/<*>/<*>/<*>/<*>/<*>/<*>/<*>/<*>/<*>/<*>/<*>/<*>/<*>/<*>/<*>/<*>/<*>/<*>/<*>/<*>/<*>/<*>/<*>/<*>/<*>/<*>/<*>/<*>/<*>/<*>/<*>/<*>/<*>/<*>/<*>/<*>/<*>/<*>/<*>/<*>/<*>/<*>/<*>/<*>/<*>/<*>/<*>/<*>/<*>/<*>/<*>/<*>/<*>/<*>/<*>/<*>/<*>/<*>/<*>/<*>/<*>/<*>/<*>/<*>/<*>/<*>/<*>/<*>/<*>/<*>/<*>/<*>/<*>/<*>/<*>/<*>/<*>/<*>/<*>/<*>/<*>/<*>/<*>/<*>/<*>/<*>/<*>/<*>/<*>/<*>/<*>/<*>/<*>/<*>/<*>/<*>/<*>/<*>/<*>/<*>/<*>/<*>/<*>/<*>/<*>/<*>/<*>/<*>/<*>/<*>/<*>/<*>/<*>/<*>/<*>/<*>/<*>/<*>/<*>/<*>/<*>/<*>/<*>/<*>/<*>/<*>/<*>/<*>/<*>/<*>/<*>/<*>/<*>/<*>/<*>/<*>/<*>/<*>/<*>/<*>/<*>/<*>/<*>/<*>/<*>/<*>/<*>/<*>/<*>/<*>/<*>/<*>/<*>/<*>/<*>/<*>/<*>/<*>/<*>/<*>/<*>/<*>/<*>/<*>/<*>/<*>/<*>/<*>/<*>/<*>/<*>/<*>/<*>/<*>/<*>/<*>/<*>/<*>/<*>/<*>/<*>/<*>/<*>/<*>/<*>/<*>/<*>/<*>/<*>/<*>/<*>/<*>/<*>/<*>/<*>/<*>/<*>/<*>/<*>/<*>/<*>/<*>/<*>/<*>/<*>/<*>/<*>/<*>/<*>/<*>/<*>/<*>/<*>/<*>/<*>/<*>/<*>/<*>/<*>/<*>/<*>/<*>/<*>/<*>/<*>/<*>/<*>/<*>/<*>/<*>/<*>/<*>/<*>/<*>/<*>/<*>/<*>/<*>/<*>/<*>/<*>/<*>/<*>/<*>/<*>/<*>/<*>/<*>/<*>/<*>/<*>/<*>/<*>/<*>/<*>/<*>/<*>/<*>/<*>/<*>/<*>/<*>/<*>/<*>/<*>/<*>/<*>/<*>/<*>/<*>/<*>/<*>/<*>/<*>/<*>/<*>/<*>/<*>/<*>/<*>/<*>/<*>/<*>/<*>/<*>/<*>/<*>/<*>/<*>/<*>/<*>/<*>/<*>/<*>/<*>/<*>/<*>/<*>/<*>/<*>/<*>/<*>/<*>/<*>/<*>/<*>/<*>/<*>/<*>/<*>/,The job-jar file on the remote FS is hdfs://<*>
The job-conf file on the remote FS is /tmp/hadoop-yarn/staging/msrabi/.staging/job_1445144423722_0020/job.xml,The job-conf file on the remote FS is <*>/<*>/<*>/<*>/<*>/<*>/<*>/<*>/<*>/<*>/<*>/<*>/<*>/<*>/<*>/<*>/<*>/<*>/<*>/<*>/<*>/<*>/<*>/<*>/<*>/<*>/<*>/<*>/<*>/<*>/<*>/<*>/<*>/<*>/<*>/<*>/<*>/<*>/<*>/<*>/<*>/<*>/<*>/<*>/<*>/<*>/<*>/<*>/<*>/<*>/<*>/<*>/<*>/<*>/<*>/<*>/<*>/<*>/<*>/<*>/<*>/<*>/<*>/<*>/<*>/<*>/<*>/<*>/<*>/<*>/<*>/<*>/<*>/<*>/<*>/<*>/<*>/<*>/<*>/<*>/<*>/<*>/<*>/<*>/<*>/<*>/<*>/<*>/<*>/<*>/<*>/<*>/<*>/<*>/<*>/<*>/<*>/<*>/<*>/<*>/<*>/<*>/<*>/<*>/<*>/<*>/<*>/<*>/<*>/<*>/<*>/<*>/<*>/<*>/<*>/<*>/<*>/<*>/<*>/<*>/<*>/<*>/<*>/<*>/<*>/<*>/<*>/<*>/<*>/<*>/<*>/<*>/<*>/<*>/<*>/<*>/<*>/<*>/<*>/<*>/<*>/<*>/<*>/<*>/<*>/<*>/<*>/<*>/<*>/<*>/<*>/<*>/<*>/<*>/<*>/<*>/<*>/<*>/<*>/<*>/<*>/<*>/<*>/<*>/<*>/<*>/<*>/<*>/<*>/<*>/<*>/<*>/<*>/<*>/<*>/<*>/<*>/<*>/<*>/<*>/<*>/<*>/<*>/<*>/<*>/<*>/<*>/<*>/<*>/<*>/<*>/<*>/<*>/<*>/<*>/<*>/<*>/<*>/<*>/<*>/<*>/<*>/<*>/<*>/<*>/<*>/<*>/<*>/<*>/<*>/<*>/<*>/<*>/<*>/<*>/<*>/<*>/<*>/<*>/<*>/<*>/<*>/<*>/<*>/<*>/<*>/<*>/<*>/<*>/<*>/<*>/<*>/<*>/<*>/<*>/<*>/<*>/<*>/<*>/<*>/<*>/<*>/<*>/<*>/<*>/<*>/<*>/<*>/<*>/<*>/<*>/<*>/<*>/<*>/<*>/<*>/<*>/<*>/<*>/<*>/<*>/<*>/<*>/<*>/<*>/<*>/<*>/<*>/<*>/<*>/<*>/<*>/<*>/<*>/<*>/<*>/<*>/<*>/<*>/<*>/<*>/<*>/<*>/<*>/<*>/<*>/<*>/<*>/<*>/<*>/<*>/<*>/<*>/<*>/<*>/<*>/<*>/<*>/<*>/<*>/<*>/<*>/<*>/<*>/<*>/<*>/<*>/<*>/<*>/<*>/<*>/<*>/<*>/<*>/<*>/<*>/<*>/<*>/<*>/<*>/<*>/<*>/<*>/<*>/<*>/<*>/<*>/<*>/<*>/<*>/<*>/<*>/<*>/<*>/<*>/<*>/<*>/,The job-conf file on the remote FS is <*>
Size of containertokens_dob is 1,Size of container<*> is <*>,Size of containertokens_dob is <*>
Resolved MININT-FNANLI5.fareast.corp.microsoft.com to /default-rack,Resolved MININT-<*> to <*>,Resolved <*> to <*>
Resolved MININT-FNANLI5.fareast.corp.microsoft.com to /default-rack,Resolved MININT-<*> to <*>,Resolved <*> to <*>
Resolved MININT-FNANLI5.fareast.corp.microsoft.com to /default-rack,Resolved MININT-<*> to <*>,Resolved <*> to <*>
Resolved MININT-FNANLI5.fareast.corp.microsoft.com to /default-rack,Resolved MININT-<*> to <*>,Resolved <*> to <*>
"Cannot assign container Container: [ContainerId: container_1445144423722_0020_01_000012, NodeId: MSRA-SA-39.fareast.corp.microsoft.com:28345, NodeHttpAddress: MSRA-SA-39.fareast.corp.microsoft.com:8042, Resource: <memory:1024, vCores:1>, Priority: 20, Token: Token { kind: ContainerToken, service: 172.22.149.145:28345 }, ] for a map as either  container memory less than required <memory:1024, vCores:1> or no pending map tasks - maps.isEmpty=true","Cannot assign container Container: [<*>, <*>:<*>, <*>:<*>, <*>:<*>] for a map as either <*> or no pending map tasks - maps.isEmpty=true","Cannot assign container Container: [ContainerId: <*>, NodeId: <*>:<*>, NodeHttpAddress: <*>:<*>, Resource: <memory:<*>, vCores:<*>, Priority: <*>, Token: Token { kind: ContainerToken, service: <*>:<*> }, ] for a map as either container memory less than required <memory:<*>, vCores:<*> or no pending map tasks - maps.isEmpty=<*>"
Container complete event for unknown container id container_1445144423722_0020_01_000012,Container complete event for <*>,Container complete event for unknown container id <*>
Diagnostics report from attempt_1445144423722_0020_m_000003_0: Container killed by the ApplicationMaster.,Diagnostics report from <*>: Container killed by the ApplicationMaster,Diagnostics report from <*>: Container killed by the ApplicationMaster.
"Slow ReadProcessor read fields took 65020ms (threshold=30000ms); ack: seqno: -2 status: SUCCESS status: ERROR downstreamAckTimeNanos: 0, targets: [10.86.169.121:50010, 10.190.173.170:50010]","Slow ReadProcessor read fields took <*>ms (threshold=<*>ms); ack: <*> status: <*> downstreamAckTimeNanos: <*>, targets: [<*>:<*>]","Slow ReadProcessor read fields took <*> (threshold=<*>); ack: seqno: <*> status: SUCCESS status: ERROR downstreamAckTimeNanos: <*>, targets: [<*>:<*>, <*>:<*>]"
DFSOutputStream ResponseProcessor exception  for block BP-1347369012-10.190.173.170-1444972147527:blk_1073743512_2731,DFSOutputStream ResponseProcessor exception  for block <*>:<*>,DFSOutputStream ResponseProcessor exception for block BP-<*>:<*>
"Error Recovery for block BP-1347369012-10.190.173.170-1444972147527:blk_1073743512_2731 in pipeline 10.86.169.121:50010, 10.190.173.170:50010: bad datanode 10.190.173.170:50010",Error Recovery for block <*> in pipeline <*>:<*> in container <*>:<*>: bad datanode <*>:<*>,"Error Recovery for block BP-<*>:<*> in pipeline <*>:<*>, <*>:<*>: bad datanode <*>:<*>"
Error writing History Event: org.apache.hadoop.mapreduce.jobhistory.TaskAttemptUnsuccessfulCompletionEvent@7317849d,Error writing History Event: org.apache.hadoop.mapreduce.<*>,Error writing History Event: org.apache.hadoop.mapreduce.jobhistory.TaskAttemptUnsuccessfulCompletionEvent@<*>
"Thread Thread[eventHandlingThread,5,main] threw an Exception.","Thread Thread[<*>,<*>,<*>] threw an Exception.","Thread Thread[eventHandlingThread,<*>,main] threw an Exception."
